region,subregion,bucket,stage,priority,has_operator,recommended_filters,keyword
atl,,commercial_service,MOFU,80,0,site:.com -pdf -jobs -careers,ADA compliance web development Atlanta
atl,,commercial_service,MOFU,80,0,site:.com -pdf -jobs -careers,custom web development Georgia
atl,,commercial_service,MOFU,80,0,site:.com -pdf -jobs -careers,digital marketing and optimization Atlanta
atl,,commercial_service,MOFU,80,0,site:.com -pdf -jobs -careers,react web development Atlanta
atl,,commercial_service,MOFU,80,0,site:.com -pdf -jobs -careers,web development company Georgia
atl,,commercial_service,MOFU,80,0,site:.com -pdf -jobs -careers,web development firm near Atlanta
atl,,commercial_service,MOFU,80,0,site:.com -pdf -jobs -careers,web development services Atlanta
atl,,commercial_service,MOFU,80,0,site:.com -pdf -jobs -careers,website development agency Atlanta
atl,,commercial_service,MOFU,80,0,site:.com -pdf -jobs -careers,website performance audit Georgia
atl,,commercial_service,MOFU,80,0,site:.com -pdf -jobs -careers,wordpress website speed optimization Atlanta
atl,core,commercial_service,MOFU,80,1,,ADA compliance web development Atlanta site:.com -pdf
atl,core,commercial_service,MOFU,80,1,,custom web development Georgia site:.com -pdf
atl,core,commercial_service,MOFU,80,1,,headless CMS development Atlanta site:.com -pdf
atl,core,commercial_service,MOFU,80,1,,react web development Atlanta site:.com -pdf
atl,core,commercial_service,MOFU,80,1,,web development services Atlanta site:.com -pdf
atl,core,commercial_service,MOFU,80,1,,website development agency Atlanta site:.com -pdf
atl,core,commercial_service,MOFU,80,1,,wordpress website speed optimization Atlanta site:.com -pdf
atl,east,commercial_service,MOFU,80,0,site:.com -pdf -jobs -careers,ADA compliance web development Decatur
atl,east,commercial_service,MOFU,80,0,site:.com -pdf -jobs -careers,custom web development Decatur
atl,east,commercial_service,MOFU,80,0,site:.com -pdf -jobs -careers,digital marketing and optimization Decatur
atl,east,commercial_service,MOFU,80,0,site:.com -pdf -jobs -careers,react web development Decatur
atl,east,commercial_service,MOFU,80,0,site:.com -pdf -jobs -careers,web development company Decatur
atl,east,commercial_service,MOFU,80,0,site:.com -pdf -jobs -careers,web development firm near Decatur
atl,east,commercial_service,MOFU,80,0,site:.com -pdf -jobs -careers,web development services Decatur
atl,east,commercial_service,MOFU,80,0,site:.com -pdf -jobs -careers,website development agency Decatur
atl,east,commercial_service,MOFU,80,0,site:.com -pdf -jobs -careers,website performance audit Decatur
atl,east,commercial_service,MOFU,80,0,site:.com -pdf -jobs -careers,wordpress website speed optimization Decatur
atl,north,commercial_service,MOFU,80,0,site:.com -pdf -jobs -careers,ADA compliance web development Roswell
atl,north,commercial_service,MOFU,80,0,site:.com -pdf -jobs -careers,custom web development Roswell
atl,north,commercial_service,MOFU,80,0,site:.com -pdf -jobs -careers,digital marketing and optimization Roswell
atl,north,commercial_service,MOFU,80,0,site:.com -pdf -jobs -careers,react web development Roswell
atl,north,commercial_service,MOFU,80,0,site:.com -pdf -jobs -careers,web development company Roswell
atl,north,commercial_service,MOFU,80,0,site:.com -pdf -jobs -careers,web development firm near Roswell
atl,north,commercial_service,MOFU,80,0,site:.com -pdf -jobs -careers,web development services Roswell
atl,north,commercial_service,MOFU,80,0,site:.com -pdf -jobs -careers,website development agency Roswell
atl,north,commercial_service,MOFU,80,0,site:.com -pdf -jobs -careers,website performance audit Roswell
atl,north,commercial_service,MOFU,80,0,site:.com -pdf -jobs -careers,wordpress website speed optimization Roswell
atl,south,commercial_service,MOFU,80,0,site:.com -pdf -jobs -careers,ADA compliance web development Peachtree City
atl,south,commercial_service,MOFU,80,0,site:.com -pdf -jobs -careers,custom web development Peachtree City
atl,south,commercial_service,MOFU,80,0,site:.com -pdf -jobs -careers,digital marketing and optimization Peachtree City
atl,south,commercial_service,MOFU,80,0,site:.com -pdf -jobs -careers,react web development Peachtree City
atl,south,commercial_service,MOFU,80,0,site:.com -pdf -jobs -careers,web development company Peachtree City
atl,south,commercial_service,MOFU,80,0,site:.com -pdf -jobs -careers,web development firm near Peachtree City
atl,south,commercial_service,MOFU,80,0,site:.com -pdf -jobs -careers,web development services Peachtree City
atl,south,commercial_service,MOFU,80,0,site:.com -pdf -jobs -careers,website development agency Peachtree City
atl,south,commercial_service,MOFU,80,0,site:.com -pdf -jobs -careers,website performance audit Peachtree City
atl,south,commercial_service,MOFU,80,0,site:.com -pdf -jobs -careers,wordpress website speed optimization Peachtree City
atl,west,commercial_service,MOFU,80,0,site:.com -pdf -jobs -careers,ADA compliance web development Douglasville
atl,west,commercial_service,MOFU,80,0,site:.com -pdf -jobs -careers,custom web development Douglasville
atl,west,commercial_service,MOFU,80,0,site:.com -pdf -jobs -careers,digital marketing and optimization Douglasville
atl,west,commercial_service,MOFU,80,0,site:.com -pdf -jobs -careers,react web development Douglasville
atl,west,commercial_service,MOFU,80,0,site:.com -pdf -jobs -careers,web development company Douglasville
atl,west,commercial_service,MOFU,80,0,site:.com -pdf -jobs -careers,web development firm near Douglasville
atl,west,commercial_service,MOFU,80,0,site:.com -pdf -jobs -careers,web development services Douglasville
atl,west,commercial_service,MOFU,80,0,site:.com -pdf -jobs -careers,website development agency Douglasville
atl,west,commercial_service,MOFU,80,0,site:.com -pdf -jobs -careers,website performance audit Douglasville
atl,west,commercial_service,MOFU,80,0,site:.com -pdf -jobs -careers,wordpress website speed optimization Douglasville
se,us,commercial_service,MOFU,80,0,site:.com -pdf -jobs -careers,ADA compliance web development Southeast US
se,us,commercial_service,MOFU,80,0,site:.com -pdf -jobs -careers,custom web development Southeast US
se,us,commercial_service,MOFU,80,0,site:.com -pdf -jobs -careers,digital marketing and optimization Southeast US
se,us,commercial_service,MOFU,80,0,site:.com -pdf -jobs -careers,react web development Southeast US
se,us,commercial_service,MOFU,80,0,site:.com -pdf -jobs -careers,web development company Southeast US
se,us,commercial_service,MOFU,80,0,site:.com -pdf -jobs -careers,web development firm near Southeast US
se,us,commercial_service,MOFU,80,0,site:.com -pdf -jobs -careers,web development services Southeast US
se,us,commercial_service,MOFU,80,0,site:.com -pdf -jobs -careers,website development agency Southeast US
se,us,commercial_service,MOFU,80,0,site:.com -pdf -jobs -careers,website performance audit Southeast US
se,us,commercial_service,MOFU,80,0,site:.com -pdf -jobs -careers,wordpress website speed optimization Southeast US
us,nationwide,commercial_service,MOFU,80,0,site:.com -pdf -jobs -careers,ADA compliance web development United States
us,nationwide,commercial_service,MOFU,80,0,site:.com -pdf -jobs -careers,custom web development United States
us,nationwide,commercial_service,MOFU,80,0,site:.com -pdf -jobs -careers,digital marketing and optimization United States
us,nationwide,commercial_service,MOFU,80,0,site:.com -pdf -jobs -careers,react web development United States
us,nationwide,commercial_service,MOFU,80,0,site:.com -pdf -jobs -careers,web development company United States
us,nationwide,commercial_service,MOFU,80,0,site:.com -pdf -jobs -careers,web development firm near United States
us,nationwide,commercial_service,MOFU,80,0,site:.com -pdf -jobs -careers,web development services United States
us,nationwide,commercial_service,MOFU,80,0,site:.com -pdf -jobs -careers,website development agency United States
us,nationwide,commercial_service,MOFU,80,0,site:.com -pdf -jobs -careers,website performance audit United States
us,nationwide,commercial_service,MOFU,80,0,site:.com -pdf -jobs -careers,wordpress website speed optimization United States
atl,,local_hire,MOFU,75,0,site:.com -pdf -jobs -careers,ADA website compliance Atlanta
atl,,local_hire,MOFU,75,0,site:.com -pdf -jobs -careers,SEO audit Roswell
atl,,local_hire,MOFU,75,0,site:.com -pdf -jobs -careers,web accessibility audit Atlanta
atl,,local_hire,MOFU,75,0,site:.com -pdf -jobs -careers,web accessibility consultant near Atlanta
atl,,local_hire,MOFU,75,0,site:.com -pdf -jobs -careers,web design agency Atlanta
atl,,local_hire,MOFU,75,0,site:.com -pdf -jobs -careers,web developer 30004
atl,,local_hire,MOFU,75,0,site:.com -pdf -jobs -careers,web developer 30060
atl,,local_hire,MOFU,75,0,site:.com -pdf -jobs -careers,web developer 30062
atl,,local_hire,MOFU,75,0,site:.com -pdf -jobs -careers,web developer 30075
atl,,local_hire,MOFU,75,0,site:.com -pdf -jobs -careers,web developer 30076
atl,,local_hire,MOFU,75,0,site:.com -pdf -jobs -careers,web developer 30097
atl,,local_hire,MOFU,75,0,site:.com -pdf -jobs -careers,web developer 30303
atl,,local_hire,MOFU,75,0,site:.com -pdf -jobs -careers,web developer 30308
atl,,local_hire,MOFU,75,0,site:.com -pdf -jobs -careers,web developer 30309
atl,,local_hire,MOFU,75,0,site:.com -pdf -jobs -careers,web developer 30318
atl,,local_hire,MOFU,75,0,site:.com -pdf -jobs -careers,web developer 30328
atl,,local_hire,MOFU,75,0,site:.com -pdf -jobs -careers,web developer Gwinnett County
atl,,local_hire,MOFU,75,0,site:.com -pdf -jobs -careers,web developers near me Atlanta
atl,,local_hire,MOFU,75,0,site:.com -pdf -jobs -careers,web development Alpharetta
atl,,local_hire,MOFU,75,0,site:.com -pdf -jobs -careers,web maintenance Sandy Springs
atl,,local_hire,MOFU,75,0,site:.com -pdf -jobs -careers,website design Marietta
atl,,local_hire,MOFU,75,0,site:.com -pdf -jobs -careers,website development company near me Atlanta
atl,,local_hire,MOFU,75,0,site:.com -pdf -jobs -careers,website optimization Decatur
atl,,local_hire,MOFU,75,0,site:.com -pdf -jobs -careers,website speed optimization Atlanta
atl,,local_hire,MOFU,75,0,site:.com -pdf -jobs -careers,wordpress maintenance Atlanta
atl,core,local_hire,MOFU,75,0,site:.com -pdf -jobs -careers,SEO audit Roswell
atl,core,local_hire,MOFU,75,0,site:.com -pdf -jobs -careers,web accessibility consultant near Atlanta
atl,core,local_hire,MOFU,75,0,site:.com -pdf -jobs -careers,web design agency Atlanta
atl,core,local_hire,MOFU,75,0,site:.com -pdf -jobs -careers,web developer Buckhead
atl,core,local_hire,MOFU,75,0,site:.com -pdf -jobs -careers,web developer Midtown Atlanta
atl,core,local_hire,MOFU,75,0,site:.com -pdf -jobs -careers,web developers near me Atlanta
atl,core,local_hire,MOFU,75,0,site:.com -pdf -jobs -careers,web development Alpharetta
atl,core,local_hire,MOFU,75,0,site:.com -pdf -jobs -careers,web maintenance Sandy Springs
atl,core,local_hire,MOFU,75,0,site:.com -pdf -jobs -careers,website design Marietta
atl,core,local_hire,MOFU,75,0,site:.com -pdf -jobs -careers,website development company near me Atlanta
atl,core,local_hire,MOFU,75,0,site:.com -pdf -jobs -careers,website maintenance Atlanta
atl,core,local_hire,MOFU,75,0,site:.com -pdf -jobs -careers,website optimization Decatur
atl,core,local_hire,MOFU,75,0,site:.com -pdf -jobs -careers,wordpress maintenance Atlanta
atl,,accessibility_and_compliance,MOFU,70,0,site:.com -pdf -jobs -careers,ADA compliance web design Atlanta
atl,,accessibility_and_compliance,MOFU,70,0,site:.com -pdf -jobs -careers,ADA remediation Georgia
atl,,accessibility_and_compliance,MOFU,70,0,site:.com -pdf -jobs -careers,ADA website compliance Georgia
atl,,accessibility_and_compliance,MOFU,70,0,site:.com -pdf -jobs -careers,Section 508 compliance audit Atlanta
atl,,accessibility_and_compliance,MOFU,70,0,site:.com -pdf -jobs -careers,WCAG audit Georgia
atl,,accessibility_and_compliance,MOFU,70,0,site:.com -pdf -jobs -careers,make my website ADA compliant Atlanta
atl,,accessibility_and_compliance,MOFU,70,0,site:.com -pdf -jobs -careers,web accessibility services Atlanta
atl,,audit_and_optimization,MOFU,70,0,site:.com -pdf -jobs -careers,ADA accessibility audit Atlanta
atl,,audit_and_optimization,MOFU,70,0,site:.com -pdf -jobs -careers,conversion rate optimization audit Atlanta
atl,,audit_and_optimization,MOFU,70,0,site:.com -pdf -jobs -careers,core web vitals audit Atlanta
atl,,audit_and_optimization,MOFU,70,0,site:.com -pdf -jobs -careers,free website audit Atlanta
atl,,audit_and_optimization,MOFU,70,0,site:.com -pdf -jobs -careers,lighthouse performance score improvement Atlanta
atl,,audit_and_optimization,MOFU,70,0,site:.com -pdf -jobs -careers,mobile usability audit Georgia
atl,,audit_and_optimization,MOFU,70,0,site:.com -pdf -jobs -careers,technical seo audit Atlanta
atl,,audit_and_optimization,MOFU,70,0,site:.com -pdf -jobs -careers,website performance audit Atlanta
atl,,modern_and_forward_looking,MOFU,70,0,site:.com -pdf -jobs -careers,Jamstack development Atlanta
atl,,modern_and_forward_looking,MOFU,70,0,site:.com -pdf -jobs -careers,Next.js developer Atlanta
atl,,modern_and_forward_looking,MOFU,70,0,site:.com -pdf -jobs -careers,core web vitals optimization Atlanta
atl,,modern_and_forward_looking,MOFU,70,0,site:.com -pdf -jobs -careers,edge rendering website Atlanta
atl,,modern_and_forward_looking,MOFU,70,0,site:.com -pdf -jobs -careers,headless CMS development Atlanta
atl,,modern_and_forward_looking,MOFU,70,0,site:.com -pdf -jobs -careers,modern web performance optimization Georgia
atl,,modern_and_forward_looking,MOFU,70,0,site:.com -pdf -jobs -careers,progressive web app developer Atlanta
atl,,modern_and_forward_looking,MOFU,70,0,site:.com -pdf -jobs -careers,serverless web development Georgia
atl,,pain_and_dissatisfaction,MOFU,70,0,site:.com -pdf -jobs -careers,digital agency Atlanta not delivering
atl,,pain_and_dissatisfaction,MOFU,70,0,site:.com -pdf -jobs -careers,need a new web developer Atlanta
atl,,pain_and_dissatisfaction,MOFU,70,0,site:.com -pdf -jobs -careers,poor website maintenance service Georgia
atl,,pain_and_dissatisfaction,MOFU,70,0,site:.com -pdf -jobs -careers,seo retainer not worth it Atlanta
atl,,pain_and_dissatisfaction,MOFU,70,0,site:.com -pdf -jobs -careers,switch seo agency Atlanta
atl,,pain_and_dissatisfaction,MOFU,70,0,site:.com -pdf -jobs -careers,switch web development agency Atlanta
atl,,pain_and_dissatisfaction,MOFU,70,0,site:.com -pdf -jobs -careers,unhappy with web developer Atlanta
atl,,pain_and_dissatisfaction,MOFU,70,0,site:.com -pdf -jobs -careers,web development agency not delivering results Atlanta
atl,,pain_and_dissatisfaction,MOFU,70,0,site:.com -pdf -jobs -careers,web maintenance contract issues Georgia
atl,,pain_and_dissatisfaction,MOFU,70,0,site:.com -pdf -jobs -careers,website developer not meeting expectations Atlanta
atl,,retainer_and_maintenance,MOFU,70,0,site:.com -pdf -jobs -careers,monthly website support Atlanta
atl,,retainer_and_maintenance,MOFU,70,0,site:.com -pdf -jobs -careers,ongoing website support Atlanta
atl,,retainer_and_maintenance,MOFU,70,0,site:.com -pdf -jobs -careers,seo retainer services Atlanta
atl,,retainer_and_maintenance,MOFU,70,0,site:.com -pdf -jobs -careers,web development retainer Georgia
atl,,retainer_and_maintenance,MOFU,70,0,site:.com -pdf -jobs -careers,website maintenance contract Atlanta
atl,,retainer_and_maintenance,MOFU,70,0,site:.com -pdf -jobs -careers,website maintenance cost per month Atlanta
atl,,retainer_and_maintenance,MOFU,70,0,site:.com -pdf -jobs -careers,website maintenance packages Georgia
atl,,retainer_and_maintenance,MOFU,70,0,site:.com -pdf -jobs -careers,wordpress maintenance retainer Atlanta
atl,core,accessibility_and_compliance,MOFU,70,0,site:.com -pdf -jobs -careers,ADA compliance web design Atlanta
atl,core,accessibility_and_compliance,MOFU,70,0,site:.com -pdf -jobs -careers,ADA remediation Georgia
atl,core,accessibility_and_compliance,MOFU,70,0,site:.com -pdf -jobs -careers,ADA website compliance Georgia
atl,core,accessibility_and_compliance,MOFU,70,0,site:.com -pdf -jobs -careers,Section 508 compliance audit Atlanta
atl,core,accessibility_and_compliance,MOFU,70,0,site:.com -pdf -jobs -careers,WCAG audit Georgia
atl,core,accessibility_and_compliance,MOFU,70,0,site:.com -pdf -jobs -careers,make my website ADA compliant Atlanta
atl,core,accessibility_and_compliance,MOFU,70,0,site:.com -pdf -jobs -careers,web accessibility services Atlanta
atl,core,audit_and_optimization,MOFU,70,1,,ADA accessibility audit Atlanta site:.com -pdf
atl,core,audit_and_optimization,MOFU,70,1,,conversion rate optimization audit Atlanta site:.com -pdf
atl,core,audit_and_optimization,MOFU,70,1,,core web vitals audit Atlanta site:.com -pdf
atl,core,audit_and_optimization,MOFU,70,1,,free website audit Atlanta site:.com -pdf
atl,core,audit_and_optimization,MOFU,70,1,,mobile usability audit Georgia site:.com -pdf
atl,core,audit_and_optimization,MOFU,70,1,,technical seo audit Atlanta site:.com -pdf
atl,core,audit_and_optimization,MOFU,70,1,,website performance audit Atlanta site:.com -pdf
atl,core,modern_and_forward_looking,MOFU,70,0,site:.com -pdf -jobs -careers,Jamstack development Atlanta
atl,core,modern_and_forward_looking,MOFU,70,0,site:.com -pdf -jobs -careers,Next.js developer Atlanta
atl,core,modern_and_forward_looking,MOFU,70,0,site:.com -pdf -jobs -careers,core web vitals optimization Atlanta
atl,core,modern_and_forward_looking,MOFU,70,0,site:.com -pdf -jobs -careers,edge rendering website Atlanta
atl,core,modern_and_forward_looking,MOFU,70,0,site:.com -pdf -jobs -careers,modern web performance optimization Georgia
atl,core,modern_and_forward_looking,MOFU,70,0,site:.com -pdf -jobs -careers,progressive web app developer Atlanta
atl,core,modern_and_forward_looking,MOFU,70,0,site:.com -pdf -jobs -careers,serverless web development Georgia
atl,core,pain_and_dissatisfaction,MOFU,70,0,site:.com -pdf -jobs -careers,digital agency Atlanta not delivering
atl,core,pain_and_dissatisfaction,MOFU,70,0,site:.com -pdf -jobs -careers,poor website maintenance service Georgia
atl,core,pain_and_dissatisfaction,MOFU,70,0,site:.com -pdf -jobs -careers,seo retainer not worth it Atlanta
atl,core,pain_and_dissatisfaction,MOFU,70,0,site:.com -pdf -jobs -careers,switch web development agency Atlanta
atl,core,pain_and_dissatisfaction,MOFU,70,0,site:.com -pdf -jobs -careers,unhappy with web developer Atlanta
atl,core,pain_and_dissatisfaction,MOFU,70,0,site:.com -pdf -jobs -careers,web maintenance contract issues Georgia
atl,core,pain_and_dissatisfaction,MOFU,70,0,site:.com -pdf -jobs -careers,website developer not meeting expectations Atlanta
atl,core,retainer_and_maintenance,MOFU,70,0,site:.com -pdf -jobs -careers,monthly website support Atlanta
atl,core,retainer_and_maintenance,MOFU,70,0,site:.com -pdf -jobs -careers,ongoing website support Atlanta
atl,core,retainer_and_maintenance,MOFU,70,0,site:.com -pdf -jobs -careers,web development retainer Georgia
atl,core,retainer_and_maintenance,MOFU,70,0,site:.com -pdf -jobs -careers,website maintenance contract Atlanta
atl,core,retainer_and_maintenance,MOFU,70,0,site:.com -pdf -jobs -careers,website maintenance cost per month Atlanta
atl,core,retainer_and_maintenance,MOFU,70,0,site:.com -pdf -jobs -careers,website maintenance packages Georgia
atl,core,retainer_and_maintenance,MOFU,70,0,site:.com -pdf -jobs -careers,wordpress maintenance retainer Atlanta
atl,east,accessibility_and_compliance,MOFU,70,0,site:.com -pdf -jobs -careers,ADA compliance web design Decatur
atl,east,accessibility_and_compliance,MOFU,70,0,site:.com -pdf -jobs -careers,ADA remediation Decatur
atl,east,accessibility_and_compliance,MOFU,70,0,site:.com -pdf -jobs -careers,ADA website compliance Decatur
atl,east,accessibility_and_compliance,MOFU,70,0,site:.com -pdf -jobs -careers,Section 508 compliance audit Decatur
atl,east,accessibility_and_compliance,MOFU,70,0,site:.com -pdf -jobs -careers,WCAG audit Decatur
atl,east,accessibility_and_compliance,MOFU,70,0,site:.com -pdf -jobs -careers,make my website ADA compliant Decatur
atl,east,accessibility_and_compliance,MOFU,70,0,site:.com -pdf -jobs -careers,web accessibility services Decatur
atl,east,audit_and_optimization,MOFU,70,0,site:.com -pdf -jobs -careers,ADA accessibility audit Decatur
atl,east,audit_and_optimization,MOFU,70,0,site:.com -pdf -jobs -careers,conversion rate optimization audit Decatur
atl,east,audit_and_optimization,MOFU,70,0,site:.com -pdf -jobs -careers,core web vitals audit Decatur
atl,east,audit_and_optimization,MOFU,70,0,site:.com -pdf -jobs -careers,free website audit Decatur
atl,east,audit_and_optimization,MOFU,70,0,site:.com -pdf -jobs -careers,lighthouse performance score improvement Decatur
atl,east,audit_and_optimization,MOFU,70,0,site:.com -pdf -jobs -careers,mobile usability audit Decatur
atl,east,audit_and_optimization,MOFU,70,0,site:.com -pdf -jobs -careers,technical seo audit Decatur
atl,east,audit_and_optimization,MOFU,70,0,site:.com -pdf -jobs -careers,website performance audit Decatur
atl,east,modern_and_forward_looking,MOFU,70,0,site:.com -pdf -jobs -careers,Jamstack development Decatur
atl,east,modern_and_forward_looking,MOFU,70,0,site:.com -pdf -jobs -careers,Next.js developer Decatur
atl,east,modern_and_forward_looking,MOFU,70,0,site:.com -pdf -jobs -careers,core web vitals optimization Decatur
atl,east,modern_and_forward_looking,MOFU,70,0,site:.com -pdf -jobs -careers,edge rendering website Decatur
atl,east,modern_and_forward_looking,MOFU,70,0,site:.com -pdf -jobs -careers,headless CMS development Decatur
atl,east,modern_and_forward_looking,MOFU,70,0,site:.com -pdf -jobs -careers,modern web performance optimization Decatur
atl,east,modern_and_forward_looking,MOFU,70,0,site:.com -pdf -jobs -careers,progressive web app developer Decatur
atl,east,modern_and_forward_looking,MOFU,70,0,site:.com -pdf -jobs -careers,serverless web development Decatur
atl,east,pain_and_dissatisfaction,MOFU,70,0,site:.com -pdf -jobs -careers,digital agency Decatur not delivering
atl,east,pain_and_dissatisfaction,MOFU,70,0,site:.com -pdf -jobs -careers,need a new web developer Decatur
atl,east,pain_and_dissatisfaction,MOFU,70,0,site:.com -pdf -jobs -careers,poor website maintenance service Decatur
atl,east,pain_and_dissatisfaction,MOFU,70,0,site:.com -pdf -jobs -careers,seo retainer not worth it Decatur
atl,east,pain_and_dissatisfaction,MOFU,70,0,site:.com -pdf -jobs -careers,switch seo agency Decatur
atl,east,pain_and_dissatisfaction,MOFU,70,0,site:.com -pdf -jobs -careers,switch web development agency Decatur
atl,east,pain_and_dissatisfaction,MOFU,70,0,site:.com -pdf -jobs -careers,unhappy with web developer Decatur
atl,east,pain_and_dissatisfaction,MOFU,70,0,site:.com -pdf -jobs -careers,web development agency not delivering results Decatur
atl,east,pain_and_dissatisfaction,MOFU,70,0,site:.com -pdf -jobs -careers,web maintenance contract issues Decatur
atl,east,pain_and_dissatisfaction,MOFU,70,0,site:.com -pdf -jobs -careers,website developer not meeting expectations Decatur
atl,east,retainer_and_maintenance,MOFU,70,0,site:.com -pdf -jobs -careers,monthly website support Decatur
atl,east,retainer_and_maintenance,MOFU,70,0,site:.com -pdf -jobs -careers,ongoing website support Decatur
atl,east,retainer_and_maintenance,MOFU,70,0,site:.com -pdf -jobs -careers,seo retainer services Decatur
atl,east,retainer_and_maintenance,MOFU,70,0,site:.com -pdf -jobs -careers,web development retainer Decatur
atl,east,retainer_and_maintenance,MOFU,70,0,site:.com -pdf -jobs -careers,website maintenance contract Decatur
atl,east,retainer_and_maintenance,MOFU,70,0,site:.com -pdf -jobs -careers,website maintenance cost per month Decatur
atl,east,retainer_and_maintenance,MOFU,70,0,site:.com -pdf -jobs -careers,website maintenance packages Decatur
atl,east,retainer_and_maintenance,MOFU,70,0,site:.com -pdf -jobs -careers,wordpress maintenance retainer Decatur
atl,north,accessibility_and_compliance,MOFU,70,0,site:.com -pdf -jobs -careers,ADA compliance web design Roswell
atl,north,accessibility_and_compliance,MOFU,70,0,site:.com -pdf -jobs -careers,ADA remediation Roswell
atl,north,accessibility_and_compliance,MOFU,70,0,site:.com -pdf -jobs -careers,ADA website compliance Roswell
atl,north,accessibility_and_compliance,MOFU,70,0,site:.com -pdf -jobs -careers,Section 508 compliance audit Roswell
atl,north,accessibility_and_compliance,MOFU,70,0,site:.com -pdf -jobs -careers,WCAG audit Roswell
atl,north,accessibility_and_compliance,MOFU,70,0,site:.com -pdf -jobs -careers,make my website ADA compliant Roswell
atl,north,accessibility_and_compliance,MOFU,70,0,site:.com -pdf -jobs -careers,web accessibility services Roswell
atl,north,audit_and_optimization,MOFU,70,0,site:.com -pdf -jobs -careers,ADA accessibility audit Roswell
atl,north,audit_and_optimization,MOFU,70,0,site:.com -pdf -jobs -careers,conversion rate optimization audit Roswell
atl,north,audit_and_optimization,MOFU,70,0,site:.com -pdf -jobs -careers,core web vitals audit Roswell
atl,north,audit_and_optimization,MOFU,70,0,site:.com -pdf -jobs -careers,free website audit Roswell
atl,north,audit_and_optimization,MOFU,70,0,site:.com -pdf -jobs -careers,lighthouse performance score improvement Roswell
atl,north,audit_and_optimization,MOFU,70,0,site:.com -pdf -jobs -careers,mobile usability audit Roswell
atl,north,audit_and_optimization,MOFU,70,0,site:.com -pdf -jobs -careers,technical seo audit Roswell
atl,north,audit_and_optimization,MOFU,70,0,site:.com -pdf -jobs -careers,website performance audit Roswell
atl,north,modern_and_forward_looking,MOFU,70,0,site:.com -pdf -jobs -careers,Jamstack development Roswell
atl,north,modern_and_forward_looking,MOFU,70,0,site:.com -pdf -jobs -careers,Next.js developer Roswell
atl,north,modern_and_forward_looking,MOFU,70,0,site:.com -pdf -jobs -careers,core web vitals optimization Roswell
atl,north,modern_and_forward_looking,MOFU,70,0,site:.com -pdf -jobs -careers,edge rendering website Roswell
atl,north,modern_and_forward_looking,MOFU,70,0,site:.com -pdf -jobs -careers,headless CMS development Roswell
atl,north,modern_and_forward_looking,MOFU,70,0,site:.com -pdf -jobs -careers,modern web performance optimization Roswell
atl,north,modern_and_forward_looking,MOFU,70,0,site:.com -pdf -jobs -careers,progressive web app developer Roswell
atl,north,modern_and_forward_looking,MOFU,70,0,site:.com -pdf -jobs -careers,serverless web development Roswell
atl,north,pain_and_dissatisfaction,MOFU,70,0,site:.com -pdf -jobs -careers,digital agency Roswell not delivering
atl,north,pain_and_dissatisfaction,MOFU,70,0,site:.com -pdf -jobs -careers,need a new web developer Roswell
atl,north,pain_and_dissatisfaction,MOFU,70,0,site:.com -pdf -jobs -careers,poor website maintenance service Roswell
atl,north,pain_and_dissatisfaction,MOFU,70,0,site:.com -pdf -jobs -careers,seo retainer not worth it Roswell
atl,north,pain_and_dissatisfaction,MOFU,70,0,site:.com -pdf -jobs -careers,switch seo agency Roswell
atl,north,pain_and_dissatisfaction,MOFU,70,0,site:.com -pdf -jobs -careers,switch web development agency Roswell
atl,north,pain_and_dissatisfaction,MOFU,70,0,site:.com -pdf -jobs -careers,unhappy with web developer Roswell
atl,north,pain_and_dissatisfaction,MOFU,70,0,site:.com -pdf -jobs -careers,web development agency not delivering results Roswell
atl,north,pain_and_dissatisfaction,MOFU,70,0,site:.com -pdf -jobs -careers,web maintenance contract issues Roswell
atl,north,pain_and_dissatisfaction,MOFU,70,0,site:.com -pdf -jobs -careers,website developer not meeting expectations Roswell
atl,north,retainer_and_maintenance,MOFU,70,0,site:.com -pdf -jobs -careers,monthly website support Roswell
atl,north,retainer_and_maintenance,MOFU,70,0,site:.com -pdf -jobs -careers,ongoing website support Roswell
atl,north,retainer_and_maintenance,MOFU,70,0,site:.com -pdf -jobs -careers,seo retainer services Roswell
atl,north,retainer_and_maintenance,MOFU,70,0,site:.com -pdf -jobs -careers,web development retainer Roswell
atl,north,retainer_and_maintenance,MOFU,70,0,site:.com -pdf -jobs -careers,website maintenance contract Roswell
atl,north,retainer_and_maintenance,MOFU,70,0,site:.com -pdf -jobs -careers,website maintenance cost per month Roswell
atl,north,retainer_and_maintenance,MOFU,70,0,site:.com -pdf -jobs -careers,website maintenance packages Roswell
atl,north,retainer_and_maintenance,MOFU,70,0,site:.com -pdf -jobs -careers,wordpress maintenance retainer Roswell
atl,south,accessibility_and_compliance,MOFU,70,0,site:.com -pdf -jobs -careers,ADA compliance web design Peachtree City
atl,south,accessibility_and_compliance,MOFU,70,0,site:.com -pdf -jobs -careers,ADA remediation Peachtree City
atl,south,accessibility_and_compliance,MOFU,70,0,site:.com -pdf -jobs -careers,ADA website compliance Peachtree City
atl,south,accessibility_and_compliance,MOFU,70,0,site:.com -pdf -jobs -careers,Section 508 compliance audit Peachtree City
atl,south,accessibility_and_compliance,MOFU,70,0,site:.com -pdf -jobs -careers,WCAG audit Peachtree City
atl,south,accessibility_and_compliance,MOFU,70,0,site:.com -pdf -jobs -careers,make my website ADA compliant Peachtree City
atl,south,accessibility_and_compliance,MOFU,70,0,site:.com -pdf -jobs -careers,web accessibility services Peachtree City
atl,south,audit_and_optimization,MOFU,70,0,site:.com -pdf -jobs -careers,ADA accessibility audit Peachtree City
atl,south,audit_and_optimization,MOFU,70,0,site:.com -pdf -jobs -careers,conversion rate optimization audit Peachtree City
atl,south,audit_and_optimization,MOFU,70,0,site:.com -pdf -jobs -careers,core web vitals audit Peachtree City
atl,south,audit_and_optimization,MOFU,70,0,site:.com -pdf -jobs -careers,free website audit Peachtree City
atl,south,audit_and_optimization,MOFU,70,0,site:.com -pdf -jobs -careers,lighthouse performance score improvement Peachtree City
atl,south,audit_and_optimization,MOFU,70,0,site:.com -pdf -jobs -careers,mobile usability audit Peachtree City
atl,south,audit_and_optimization,MOFU,70,0,site:.com -pdf -jobs -careers,technical seo audit Peachtree City
atl,south,audit_and_optimization,MOFU,70,0,site:.com -pdf -jobs -careers,website performance audit Peachtree City
atl,south,modern_and_forward_looking,MOFU,70,0,site:.com -pdf -jobs -careers,Jamstack development Peachtree City
atl,south,modern_and_forward_looking,MOFU,70,0,site:.com -pdf -jobs -careers,Next.js developer Peachtree City
atl,south,modern_and_forward_looking,MOFU,70,0,site:.com -pdf -jobs -careers,core web vitals optimization Peachtree City
atl,south,modern_and_forward_looking,MOFU,70,0,site:.com -pdf -jobs -careers,edge rendering website Peachtree City
atl,south,modern_and_forward_looking,MOFU,70,0,site:.com -pdf -jobs -careers,headless CMS development Peachtree City
atl,south,modern_and_forward_looking,MOFU,70,0,site:.com -pdf -jobs -careers,modern web performance optimization Peachtree City
atl,south,modern_and_forward_looking,MOFU,70,0,site:.com -pdf -jobs -careers,progressive web app developer Peachtree City
atl,south,modern_and_forward_looking,MOFU,70,0,site:.com -pdf -jobs -careers,serverless web development Peachtree City
atl,south,pain_and_dissatisfaction,MOFU,70,0,site:.com -pdf -jobs -careers,digital agency Peachtree City not delivering
atl,south,pain_and_dissatisfaction,MOFU,70,0,site:.com -pdf -jobs -careers,need a new web developer Peachtree City
atl,south,pain_and_dissatisfaction,MOFU,70,0,site:.com -pdf -jobs -careers,poor website maintenance service Peachtree City
atl,south,pain_and_dissatisfaction,MOFU,70,0,site:.com -pdf -jobs -careers,seo retainer not worth it Peachtree City
atl,south,pain_and_dissatisfaction,MOFU,70,0,site:.com -pdf -jobs -careers,switch seo agency Peachtree City
atl,south,pain_and_dissatisfaction,MOFU,70,0,site:.com -pdf -jobs -careers,switch web development agency Peachtree City
atl,south,pain_and_dissatisfaction,MOFU,70,0,site:.com -pdf -jobs -careers,unhappy with web developer Peachtree City
atl,south,pain_and_dissatisfaction,MOFU,70,0,site:.com -pdf -jobs -careers,web development agency not delivering results Peachtree City
atl,south,pain_and_dissatisfaction,MOFU,70,0,site:.com -pdf -jobs -careers,web maintenance contract issues Peachtree City
atl,south,pain_and_dissatisfaction,MOFU,70,0,site:.com -pdf -jobs -careers,website developer not meeting expectations Peachtree City
atl,south,retainer_and_maintenance,MOFU,70,0,site:.com -pdf -jobs -careers,monthly website support Peachtree City
atl,south,retainer_and_maintenance,MOFU,70,0,site:.com -pdf -jobs -careers,ongoing website support Peachtree City
atl,south,retainer_and_maintenance,MOFU,70,0,site:.com -pdf -jobs -careers,seo retainer services Peachtree City
atl,south,retainer_and_maintenance,MOFU,70,0,site:.com -pdf -jobs -careers,web development retainer Peachtree City
atl,south,retainer_and_maintenance,MOFU,70,0,site:.com -pdf -jobs -careers,website maintenance contract Peachtree City
atl,south,retainer_and_maintenance,MOFU,70,0,site:.com -pdf -jobs -careers,website maintenance cost per month Peachtree City
atl,south,retainer_and_maintenance,MOFU,70,0,site:.com -pdf -jobs -careers,website maintenance packages Peachtree City
atl,south,retainer_and_maintenance,MOFU,70,0,site:.com -pdf -jobs -careers,wordpress maintenance retainer Peachtree City
atl,west,accessibility_and_compliance,MOFU,70,0,site:.com -pdf -jobs -careers,ADA compliance web design Douglasville
atl,west,accessibility_and_compliance,MOFU,70,0,site:.com -pdf -jobs -careers,ADA remediation Douglasville
atl,west,accessibility_and_compliance,MOFU,70,0,site:.com -pdf -jobs -careers,ADA website compliance Douglasville
atl,west,accessibility_and_compliance,MOFU,70,0,site:.com -pdf -jobs -careers,Section 508 compliance audit Douglasville
atl,west,accessibility_and_compliance,MOFU,70,0,site:.com -pdf -jobs -careers,WCAG audit Douglasville
atl,west,accessibility_and_compliance,MOFU,70,0,site:.com -pdf -jobs -careers,make my website ADA compliant Douglasville
atl,west,accessibility_and_compliance,MOFU,70,0,site:.com -pdf -jobs -careers,web accessibility services Douglasville
atl,west,audit_and_optimization,MOFU,70,0,site:.com -pdf -jobs -careers,ADA accessibility audit Douglasville
atl,west,audit_and_optimization,MOFU,70,0,site:.com -pdf -jobs -careers,conversion rate optimization audit Douglasville
atl,west,audit_and_optimization,MOFU,70,0,site:.com -pdf -jobs -careers,core web vitals audit Douglasville
atl,west,audit_and_optimization,MOFU,70,0,site:.com -pdf -jobs -careers,free website audit Douglasville
atl,west,audit_and_optimization,MOFU,70,0,site:.com -pdf -jobs -careers,lighthouse performance score improvement Douglasville
atl,west,audit_and_optimization,MOFU,70,0,site:.com -pdf -jobs -careers,mobile usability audit Douglasville
atl,west,audit_and_optimization,MOFU,70,0,site:.com -pdf -jobs -careers,technical seo audit Douglasville
atl,west,audit_and_optimization,MOFU,70,0,site:.com -pdf -jobs -careers,website performance audit Douglasville
atl,west,modern_and_forward_looking,MOFU,70,0,site:.com -pdf -jobs -careers,Jamstack development Douglasville
atl,west,modern_and_forward_looking,MOFU,70,0,site:.com -pdf -jobs -careers,Next.js developer Douglasville
atl,west,modern_and_forward_looking,MOFU,70,0,site:.com -pdf -jobs -careers,core web vitals optimization Douglasville
atl,west,modern_and_forward_looking,MOFU,70,0,site:.com -pdf -jobs -careers,edge rendering website Douglasville
atl,west,modern_and_forward_looking,MOFU,70,0,site:.com -pdf -jobs -careers,headless CMS development Douglasville
atl,west,modern_and_forward_looking,MOFU,70,0,site:.com -pdf -jobs -careers,modern web performance optimization Douglasville
atl,west,modern_and_forward_looking,MOFU,70,0,site:.com -pdf -jobs -careers,progressive web app developer Douglasville
atl,west,modern_and_forward_looking,MOFU,70,0,site:.com -pdf -jobs -careers,serverless web development Douglasville
atl,west,pain_and_dissatisfaction,MOFU,70,0,site:.com -pdf -jobs -careers,digital agency Douglasville not delivering
atl,west,pain_and_dissatisfaction,MOFU,70,0,site:.com -pdf -jobs -careers,need a new web developer Douglasville
atl,west,pain_and_dissatisfaction,MOFU,70,0,site:.com -pdf -jobs -careers,poor website maintenance service Douglasville
atl,west,pain_and_dissatisfaction,MOFU,70,0,site:.com -pdf -jobs -careers,seo retainer not worth it Douglasville
atl,west,pain_and_dissatisfaction,MOFU,70,0,site:.com -pdf -jobs -careers,switch seo agency Douglasville
atl,west,pain_and_dissatisfaction,MOFU,70,0,site:.com -pdf -jobs -careers,switch web development agency Douglasville
atl,west,pain_and_dissatisfaction,MOFU,70,0,site:.com -pdf -jobs -careers,unhappy with web developer Douglasville
atl,west,pain_and_dissatisfaction,MOFU,70,0,site:.com -pdf -jobs -careers,web development agency not delivering results Douglasville
atl,west,pain_and_dissatisfaction,MOFU,70,0,site:.com -pdf -jobs -careers,web maintenance contract issues Douglasville
atl,west,pain_and_dissatisfaction,MOFU,70,0,site:.com -pdf -jobs -careers,website developer not meeting expectations Douglasville
atl,west,retainer_and_maintenance,MOFU,70,0,site:.com -pdf -jobs -careers,monthly website support Douglasville
atl,west,retainer_and_maintenance,MOFU,70,0,site:.com -pdf -jobs -careers,ongoing website support Douglasville
atl,west,retainer_and_maintenance,MOFU,70,0,site:.com -pdf -jobs -careers,seo retainer services Douglasville
atl,west,retainer_and_maintenance,MOFU,70,0,site:.com -pdf -jobs -careers,web development retainer Douglasville
atl,west,retainer_and_maintenance,MOFU,70,0,site:.com -pdf -jobs -careers,website maintenance contract Douglasville
atl,west,retainer_and_maintenance,MOFU,70,0,site:.com -pdf -jobs -careers,website maintenance cost per month Douglasville
atl,west,retainer_and_maintenance,MOFU,70,0,site:.com -pdf -jobs -careers,website maintenance packages Douglasville
atl,west,retainer_and_maintenance,MOFU,70,0,site:.com -pdf -jobs -careers,wordpress maintenance retainer Douglasville
se,us,accessibility_and_compliance,MOFU,70,0,site:.com -pdf -jobs -careers,ADA compliance web design Southeast US
se,us,accessibility_and_compliance,MOFU,70,0,site:.com -pdf -jobs -careers,ADA remediation Southeast US
se,us,accessibility_and_compliance,MOFU,70,0,site:.com -pdf -jobs -careers,ADA website compliance Southeast US
se,us,accessibility_and_compliance,MOFU,70,0,site:.com -pdf -jobs -careers,Section 508 compliance audit Southeast US
se,us,accessibility_and_compliance,MOFU,70,0,site:.com -pdf -jobs -careers,WCAG audit Southeast US
se,us,accessibility_and_compliance,MOFU,70,0,site:.com -pdf -jobs -careers,make my website ADA compliant Southeast US
se,us,accessibility_and_compliance,MOFU,70,0,site:.com -pdf -jobs -careers,web accessibility services Southeast US
se,us,audit_and_optimization,MOFU,70,0,site:.com -pdf -jobs -careers,ADA accessibility audit Southeast US
se,us,audit_and_optimization,MOFU,70,0,site:.com -pdf -jobs -careers,conversion rate optimization audit Southeast US
se,us,audit_and_optimization,MOFU,70,0,site:.com -pdf -jobs -careers,core web vitals audit Southeast US
se,us,audit_and_optimization,MOFU,70,0,site:.com -pdf -jobs -careers,free website audit Southeast US
se,us,audit_and_optimization,MOFU,70,0,site:.com -pdf -jobs -careers,lighthouse performance score improvement Southeast US
se,us,audit_and_optimization,MOFU,70,0,site:.com -pdf -jobs -careers,mobile usability audit Southeast US
se,us,audit_and_optimization,MOFU,70,0,site:.com -pdf -jobs -careers,technical seo audit Southeast US
se,us,audit_and_optimization,MOFU,70,0,site:.com -pdf -jobs -careers,website performance audit Southeast US
se,us,modern_and_forward_looking,MOFU,70,0,site:.com -pdf -jobs -careers,Jamstack development Southeast US
se,us,modern_and_forward_looking,MOFU,70,0,site:.com -pdf -jobs -careers,Next.js developer Southeast US
se,us,modern_and_forward_looking,MOFU,70,0,site:.com -pdf -jobs -careers,core web vitals optimization Southeast US
se,us,modern_and_forward_looking,MOFU,70,0,site:.com -pdf -jobs -careers,edge rendering website Southeast US
se,us,modern_and_forward_looking,MOFU,70,0,site:.com -pdf -jobs -careers,headless CMS development Southeast US
se,us,modern_and_forward_looking,MOFU,70,0,site:.com -pdf -jobs -careers,modern web performance optimization Southeast US
se,us,modern_and_forward_looking,MOFU,70,0,site:.com -pdf -jobs -careers,progressive web app developer Southeast US
se,us,modern_and_forward_looking,MOFU,70,0,site:.com -pdf -jobs -careers,serverless web development Southeast US
se,us,pain_and_dissatisfaction,MOFU,70,0,site:.com -pdf -jobs -careers,digital agency Southeast US not delivering
se,us,pain_and_dissatisfaction,MOFU,70,0,site:.com -pdf -jobs -careers,need a new web developer Southeast US
se,us,pain_and_dissatisfaction,MOFU,70,0,site:.com -pdf -jobs -careers,poor website maintenance service Southeast US
se,us,pain_and_dissatisfaction,MOFU,70,0,site:.com -pdf -jobs -careers,seo retainer not worth it Southeast US
se,us,pain_and_dissatisfaction,MOFU,70,0,site:.com -pdf -jobs -careers,switch seo agency Southeast US
se,us,pain_and_dissatisfaction,MOFU,70,0,site:.com -pdf -jobs -careers,switch web development agency Southeast US
se,us,pain_and_dissatisfaction,MOFU,70,0,site:.com -pdf -jobs -careers,unhappy with web developer Southeast US
se,us,pain_and_dissatisfaction,MOFU,70,0,site:.com -pdf -jobs -careers,web development agency not delivering results Southeast US
se,us,pain_and_dissatisfaction,MOFU,70,0,site:.com -pdf -jobs -careers,web maintenance contract issues Southeast US
se,us,pain_and_dissatisfaction,MOFU,70,0,site:.com -pdf -jobs -careers,website developer not meeting expectations Southeast US
se,us,retainer_and_maintenance,MOFU,70,0,site:.com -pdf -jobs -careers,monthly website support Southeast US
se,us,retainer_and_maintenance,MOFU,70,0,site:.com -pdf -jobs -careers,ongoing website support Southeast US
se,us,retainer_and_maintenance,MOFU,70,0,site:.com -pdf -jobs -careers,seo retainer services Southeast US
se,us,retainer_and_maintenance,MOFU,70,0,site:.com -pdf -jobs -careers,web development retainer Southeast US
se,us,retainer_and_maintenance,MOFU,70,0,site:.com -pdf -jobs -careers,website maintenance contract Southeast US
se,us,retainer_and_maintenance,MOFU,70,0,site:.com -pdf -jobs -careers,website maintenance cost per month Southeast US
se,us,retainer_and_maintenance,MOFU,70,0,site:.com -pdf -jobs -careers,website maintenance packages Southeast US
se,us,retainer_and_maintenance,MOFU,70,0,site:.com -pdf -jobs -careers,wordpress maintenance retainer Southeast US
us,nationwide,accessibility_and_compliance,MOFU,70,0,site:.com -pdf -jobs -careers,ADA compliance web design United States
us,nationwide,accessibility_and_compliance,MOFU,70,0,site:.com -pdf -jobs -careers,ADA remediation United States
us,nationwide,accessibility_and_compliance,MOFU,70,0,site:.com -pdf -jobs -careers,ADA website compliance United States
us,nationwide,accessibility_and_compliance,MOFU,70,0,site:.com -pdf -jobs -careers,Section 508 compliance audit United States
us,nationwide,accessibility_and_compliance,MOFU,70,0,site:.com -pdf -jobs -careers,WCAG audit United States
us,nationwide,accessibility_and_compliance,MOFU,70,0,site:.com -pdf -jobs -careers,make my website ADA compliant United States
us,nationwide,accessibility_and_compliance,MOFU,70,0,site:.com -pdf -jobs -careers,web accessibility services United States
us,nationwide,audit_and_optimization,MOFU,70,0,site:.com -pdf -jobs -careers,ADA accessibility audit United States
us,nationwide,audit_and_optimization,MOFU,70,0,site:.com -pdf -jobs -careers,conversion rate optimization audit United States
us,nationwide,audit_and_optimization,MOFU,70,0,site:.com -pdf -jobs -careers,core web vitals audit United States
us,nationwide,audit_and_optimization,MOFU,70,0,site:.com -pdf -jobs -careers,free website audit United States
us,nationwide,audit_and_optimization,MOFU,70,0,site:.com -pdf -jobs -careers,lighthouse performance score improvement United States
us,nationwide,audit_and_optimization,MOFU,70,0,site:.com -pdf -jobs -careers,mobile usability audit United States
us,nationwide,audit_and_optimization,MOFU,70,0,site:.com -pdf -jobs -careers,technical seo audit United States
us,nationwide,audit_and_optimization,MOFU,70,0,site:.com -pdf -jobs -careers,website performance audit United States
us,nationwide,modern_and_forward_looking,MOFU,70,0,site:.com -pdf -jobs -careers,Jamstack development United States
us,nationwide,modern_and_forward_looking,MOFU,70,0,site:.com -pdf -jobs -careers,Next.js developer United States
us,nationwide,modern_and_forward_looking,MOFU,70,0,site:.com -pdf -jobs -careers,core web vitals optimization United States
us,nationwide,modern_and_forward_looking,MOFU,70,0,site:.com -pdf -jobs -careers,edge rendering website United States
us,nationwide,modern_and_forward_looking,MOFU,70,0,site:.com -pdf -jobs -careers,headless CMS development United States
us,nationwide,modern_and_forward_looking,MOFU,70,0,site:.com -pdf -jobs -careers,modern web performance optimization United States
us,nationwide,modern_and_forward_looking,MOFU,70,0,site:.com -pdf -jobs -careers,progressive web app developer United States
us,nationwide,modern_and_forward_looking,MOFU,70,0,site:.com -pdf -jobs -careers,serverless web development United States
us,nationwide,pain_and_dissatisfaction,MOFU,70,0,site:.com -pdf -jobs -careers,digital agency United States not delivering
us,nationwide,pain_and_dissatisfaction,MOFU,70,0,site:.com -pdf -jobs -careers,need a new web developer United States
us,nationwide,pain_and_dissatisfaction,MOFU,70,0,site:.com -pdf -jobs -careers,poor website maintenance service United States
us,nationwide,pain_and_dissatisfaction,MOFU,70,0,site:.com -pdf -jobs -careers,seo retainer not worth it United States
us,nationwide,pain_and_dissatisfaction,MOFU,70,0,site:.com -pdf -jobs -careers,switch seo agency United States
us,nationwide,pain_and_dissatisfaction,MOFU,70,0,site:.com -pdf -jobs -careers,switch web development agency United States
us,nationwide,pain_and_dissatisfaction,MOFU,70,0,site:.com -pdf -jobs -careers,unhappy with web developer United States
us,nationwide,pain_and_dissatisfaction,MOFU,70,0,site:.com -pdf -jobs -careers,web development agency not delivering results United States
us,nationwide,pain_and_dissatisfaction,MOFU,70,0,site:.com -pdf -jobs -careers,web maintenance contract issues United States
us,nationwide,pain_and_dissatisfaction,MOFU,70,0,site:.com -pdf -jobs -careers,website developer not meeting expectations United States
us,nationwide,retainer_and_maintenance,MOFU,70,0,site:.com -pdf -jobs -careers,monthly website support United States
us,nationwide,retainer_and_maintenance,MOFU,70,0,site:.com -pdf -jobs -careers,ongoing website support United States
us,nationwide,retainer_and_maintenance,MOFU,70,0,site:.com -pdf -jobs -careers,seo retainer services United States
us,nationwide,retainer_and_maintenance,MOFU,70,0,site:.com -pdf -jobs -careers,web development retainer United States
us,nationwide,retainer_and_maintenance,MOFU,70,0,site:.com -pdf -jobs -careers,website maintenance contract United States
us,nationwide,retainer_and_maintenance,MOFU,70,0,site:.com -pdf -jobs -careers,website maintenance cost per month United States
us,nationwide,retainer_and_maintenance,MOFU,70,0,site:.com -pdf -jobs -careers,website maintenance packages United States
us,nationwide,retainer_and_maintenance,MOFU,70,0,site:.com -pdf -jobs -careers,wordpress maintenance retainer United States
atl,,informational_top_funnel,TOFU,50,0,site:.com -pdf,full stack web developer Atlanta
atl,,informational_top_funnel,TOFU,50,0,site:.com -pdf,learn web development Atlanta
atl,,informational_top_funnel,TOFU,50,0,site:.com -pdf,web developer Atlanta
atl,,informational_top_funnel,TOFU,50,0,site:.com -pdf,web development Atlanta
atl,,informational_top_funnel,TOFU,50,0,site:.com -pdf,web development pricing Georgia
atl,,informational_top_funnel,TOFU,50,0,site:.com -pdf,website development Atlanta
atl,,informational_top_funnel,TOFU,50,0,site:.com -pdf,website development costs Atlanta
atl,core,informational_top_funnel,TOFU,50,0,site:.com -pdf,full stack web developer Atlanta
atl,core,informational_top_funnel,TOFU,50,0,site:.com -pdf,web developer Atlanta
atl,core,informational_top_funnel,TOFU,50,0,site:.com -pdf,web development Atlanta
atl,core,informational_top_funnel,TOFU,50,0,site:.com -pdf,web development pricing Georgia
atl,core,informational_top_funnel,TOFU,50,0,site:.com -pdf,website development Atlanta
atl,core,informational_top_funnel,TOFU,50,0,site:.com -pdf,website development costs Atlanta
atl,east,informational_top_funnel,TOFU,50,0,site:.com -pdf,full stack web developer Decatur
atl,east,informational_top_funnel,TOFU,50,0,site:.com -pdf,learn web development Decatur
atl,east,informational_top_funnel,TOFU,50,0,site:.com -pdf,web developer Decatur
atl,east,informational_top_funnel,TOFU,50,0,site:.com -pdf,web development Decatur
atl,east,informational_top_funnel,TOFU,50,0,site:.com -pdf,web development pricing Decatur
atl,east,informational_top_funnel,TOFU,50,0,site:.com -pdf,website development Decatur
atl,east,informational_top_funnel,TOFU,50,0,site:.com -pdf,website development costs Decatur
atl,north,informational_top_funnel,TOFU,50,0,site:.com -pdf,full stack web developer Roswell
atl,north,informational_top_funnel,TOFU,50,0,site:.com -pdf,learn web development Roswell
atl,north,informational_top_funnel,TOFU,50,0,site:.com -pdf,web developer Roswell
atl,north,informational_top_funnel,TOFU,50,0,site:.com -pdf,web development Roswell
atl,north,informational_top_funnel,TOFU,50,0,site:.com -pdf,web development pricing Roswell
atl,north,informational_top_funnel,TOFU,50,0,site:.com -pdf,website development Roswell
atl,north,informational_top_funnel,TOFU,50,0,site:.com -pdf,website development costs Roswell
atl,south,informational_top_funnel,TOFU,50,0,site:.com -pdf,full stack web developer Peachtree City
atl,south,informational_top_funnel,TOFU,50,0,site:.com -pdf,learn web development Peachtree City
atl,south,informational_top_funnel,TOFU,50,0,site:.com -pdf,web developer Peachtree City
atl,south,informational_top_funnel,TOFU,50,0,site:.com -pdf,web development Peachtree City
atl,south,informational_top_funnel,TOFU,50,0,site:.com -pdf,web development pricing Peachtree City
atl,south,informational_top_funnel,TOFU,50,0,site:.com -pdf,website development Peachtree City
atl,south,informational_top_funnel,TOFU,50,0,site:.com -pdf,website development costs Peachtree City
atl,west,informational_top_funnel,TOFU,50,0,site:.com -pdf,full stack web developer Douglasville
atl,west,informational_top_funnel,TOFU,50,0,site:.com -pdf,learn web development Douglasville
atl,west,informational_top_funnel,TOFU,50,0,site:.com -pdf,web developer Douglasville
atl,west,informational_top_funnel,TOFU,50,0,site:.com -pdf,web development Douglasville
atl,west,informational_top_funnel,TOFU,50,0,site:.com -pdf,web development pricing Douglasville
atl,west,informational_top_funnel,TOFU,50,0,site:.com -pdf,website development Douglasville
atl,west,informational_top_funnel,TOFU,50,0,site:.com -pdf,website development costs Douglasville
se,us,informational_top_funnel,TOFU,50,0,site:.com -pdf,full stack web developer Southeast US
se,us,informational_top_funnel,TOFU,50,0,site:.com -pdf,learn web development Southeast US
se,us,informational_top_funnel,TOFU,50,0,site:.com -pdf,web developer Southeast US
se,us,informational_top_funnel,TOFU,50,0,site:.com -pdf,web development Southeast US
se,us,informational_top_funnel,TOFU,50,0,site:.com -pdf,web development pricing Southeast US
se,us,informational_top_funnel,TOFU,50,0,site:.com -pdf,website development Southeast US
se,us,informational_top_funnel,TOFU,50,0,site:.com -pdf,website development costs Southeast US
us,nationwide,informational_top_funnel,TOFU,50,0,site:.com -pdf,full stack web developer United States
us,nationwide,informational_top_funnel,TOFU,50,0,site:.com -pdf,learn web development United States
us,nationwide,informational_top_funnel,TOFU,50,0,site:.com -pdf,web developer United States
us,nationwide,informational_top_funnel,TOFU,50,0,site:.com -pdf,web development United States
us,nationwide,informational_top_funnel,TOFU,50,0,site:.com -pdf,web development pricing United States
us,nationwide,informational_top_funnel,TOFU,50,0,site:.com -pdf,website development United States
us,nationwide,informational_top_funnel,TOFU,50,0,site:.com -pdf,website development costs United States
