region,subregion,bucket,stage,priority,has_operator,recommended_filters,keyword
atl,,commercial_service,MOFU,80,0,site:.com -pdf -jobs -careers,ada compliance web development atlanta
atl,core,commercial_service,MOFU,80,1,,ada compliance web development atlanta site:.com -pdf
atl,east,commercial_service,MOFU,80,0,site:.com -pdf -jobs -careers,ada compliance web development decatur
atl,west,commercial_service,MOFU,80,0,site:.com -pdf -jobs -careers,ada compliance web development douglasville
atl,south,commercial_service,MOFU,80,0,site:.com -pdf -jobs -careers,ada compliance web development peachtree city
atl,north,commercial_service,MOFU,80,0,site:.com -pdf -jobs -careers,ada compliance web development roswell
atl,east,commercial_service,MOFU,80,0,site:.com -pdf -jobs -careers,custom web development decatur
atl,west,commercial_service,MOFU,80,0,site:.com -pdf -jobs -careers,custom web development douglasville
atl,,commercial_service,MOFU,80,0,site:.com -pdf -jobs -careers,custom web development georgia
atl,core,commercial_service,MOFU,80,1,,custom web development georgia site:.com -pdf
atl,south,commercial_service,MOFU,80,0,site:.com -pdf -jobs -careers,custom web development peachtree city
atl,north,commercial_service,MOFU,80,0,site:.com -pdf -jobs -careers,custom web development roswell
atl,,commercial_service,MOFU,80,0,site:.com -pdf -jobs -careers,digital marketing and optimization atlanta
atl,east,commercial_service,MOFU,80,0,site:.com -pdf -jobs -careers,digital marketing and optimization decatur
atl,west,commercial_service,MOFU,80,0,site:.com -pdf -jobs -careers,digital marketing and optimization douglasville
atl,south,commercial_service,MOFU,80,0,site:.com -pdf -jobs -careers,digital marketing and optimization peachtree city
atl,north,commercial_service,MOFU,80,0,site:.com -pdf -jobs -careers,digital marketing and optimization roswell
atl,core,commercial_service,MOFU,80,1,,headless cms development atlanta site:.com -pdf
atl,,commercial_service,MOFU,80,0,site:.com -pdf -jobs -careers,react web development atlanta
atl,core,commercial_service,MOFU,80,1,,react web development atlanta site:.com -pdf
atl,east,commercial_service,MOFU,80,0,site:.com -pdf -jobs -careers,react web development decatur
atl,west,commercial_service,MOFU,80,0,site:.com -pdf -jobs -careers,react web development douglasville
atl,south,commercial_service,MOFU,80,0,site:.com -pdf -jobs -careers,react web development peachtree city
atl,north,commercial_service,MOFU,80,0,site:.com -pdf -jobs -careers,react web development roswell
atl,east,commercial_service,MOFU,80,0,site:.com -pdf -jobs -careers,web development company decatur
atl,west,commercial_service,MOFU,80,0,site:.com -pdf -jobs -careers,web development company douglasville
atl,,commercial_service,MOFU,80,0,site:.com -pdf -jobs -careers,web development company georgia
atl,south,commercial_service,MOFU,80,0,site:.com -pdf -jobs -careers,web development company peachtree city
atl,north,commercial_service,MOFU,80,0,site:.com -pdf -jobs -careers,web development company roswell
atl,,commercial_service,MOFU,80,0,site:.com -pdf -jobs -careers,web development firm near atlanta
atl,east,commercial_service,MOFU,80,0,site:.com -pdf -jobs -careers,web development firm near decatur
atl,west,commercial_service,MOFU,80,0,site:.com -pdf -jobs -careers,web development firm near douglasville
atl,south,commercial_service,MOFU,80,0,site:.com -pdf -jobs -careers,web development firm near peachtree city
atl,north,commercial_service,MOFU,80,0,site:.com -pdf -jobs -careers,web development firm near roswell
atl,,commercial_service,MOFU,80,0,site:.com -pdf -jobs -careers,web development services atlanta
atl,core,commercial_service,MOFU,80,1,,web development services atlanta site:.com -pdf
atl,east,commercial_service,MOFU,80,0,site:.com -pdf -jobs -careers,web development services decatur
atl,west,commercial_service,MOFU,80,0,site:.com -pdf -jobs -careers,web development services douglasville
atl,south,commercial_service,MOFU,80,0,site:.com -pdf -jobs -careers,web development services peachtree city
atl,north,commercial_service,MOFU,80,0,site:.com -pdf -jobs -careers,web development services roswell
atl,,commercial_service,MOFU,80,0,site:.com -pdf -jobs -careers,website development agency atlanta
atl,core,commercial_service,MOFU,80,1,,website development agency atlanta site:.com -pdf
atl,east,commercial_service,MOFU,80,0,site:.com -pdf -jobs -careers,website development agency decatur
atl,west,commercial_service,MOFU,80,0,site:.com -pdf -jobs -careers,website development agency douglasville
atl,south,commercial_service,MOFU,80,0,site:.com -pdf -jobs -careers,website development agency peachtree city
atl,north,commercial_service,MOFU,80,0,site:.com -pdf -jobs -careers,website development agency roswell
atl,east,commercial_service,MOFU,80,0,site:.com -pdf -jobs -careers,website performance audit decatur
atl,west,commercial_service,MOFU,80,0,site:.com -pdf -jobs -careers,website performance audit douglasville
atl,,commercial_service,MOFU,80,0,site:.com -pdf -jobs -careers,website performance audit georgia
atl,south,commercial_service,MOFU,80,0,site:.com -pdf -jobs -careers,website performance audit peachtree city
atl,north,commercial_service,MOFU,80,0,site:.com -pdf -jobs -careers,website performance audit roswell
atl,,commercial_service,MOFU,80,0,site:.com -pdf -jobs -careers,wordpress website speed optimization atlanta
atl,core,commercial_service,MOFU,80,1,,wordpress website speed optimization atlanta site:.com -pdf
atl,east,commercial_service,MOFU,80,0,site:.com -pdf -jobs -careers,wordpress website speed optimization decatur
atl,west,commercial_service,MOFU,80,0,site:.com -pdf -jobs -careers,wordpress website speed optimization douglasville
atl,south,commercial_service,MOFU,80,0,site:.com -pdf -jobs -careers,wordpress website speed optimization peachtree city
atl,north,commercial_service,MOFU,80,0,site:.com -pdf -jobs -careers,wordpress website speed optimization roswell
se,us,commercial_service,MOFU,80,0,site:.com -pdf -jobs -careers,ada compliance web development southeast us
se,us,commercial_service,MOFU,80,0,site:.com -pdf -jobs -careers,custom web development southeast us
se,us,commercial_service,MOFU,80,0,site:.com -pdf -jobs -careers,digital marketing and optimization southeast us
se,us,commercial_service,MOFU,80,0,site:.com -pdf -jobs -careers,react web development southeast us
se,us,commercial_service,MOFU,80,0,site:.com -pdf -jobs -careers,web development company southeast us
se,us,commercial_service,MOFU,80,0,site:.com -pdf -jobs -careers,web development firm near southeast us
se,us,commercial_service,MOFU,80,0,site:.com -pdf -jobs -careers,web development services southeast us
se,us,commercial_service,MOFU,80,0,site:.com -pdf -jobs -careers,website development agency southeast us
se,us,commercial_service,MOFU,80,0,site:.com -pdf -jobs -careers,website performance audit southeast us
se,us,commercial_service,MOFU,80,0,site:.com -pdf -jobs -careers,wordpress website speed optimization southeast us
us,nationwide,commercial_service,MOFU,80,0,site:.com -pdf -jobs -careers,ada compliance web development united states
us,nationwide,commercial_service,MOFU,80,0,site:.com -pdf -jobs -careers,custom web development united states
us,nationwide,commercial_service,MOFU,80,0,site:.com -pdf -jobs -careers,digital marketing and optimization united states
us,nationwide,commercial_service,MOFU,80,0,site:.com -pdf -jobs -careers,react web development united states
us,nationwide,commercial_service,MOFU,80,0,site:.com -pdf -jobs -careers,web development company united states
us,nationwide,commercial_service,MOFU,80,0,site:.com -pdf -jobs -careers,web development firm near united states
us,nationwide,commercial_service,MOFU,80,0,site:.com -pdf -jobs -careers,web development services united states
us,nationwide,commercial_service,MOFU,80,0,site:.com -pdf -jobs -careers,website development agency united states
us,nationwide,commercial_service,MOFU,80,0,site:.com -pdf -jobs -careers,website performance audit united states
us,nationwide,commercial_service,MOFU,80,0,site:.com -pdf -jobs -careers,wordpress website speed optimization united states
atl,,local_hire,MOFU,75,0,site:.com -pdf -jobs -careers,ada website compliance atlanta
atl,,local_hire,MOFU,75,0,site:.com -pdf -jobs -careers,seo audit roswell
atl,,local_hire,MOFU,75,0,site:.com -pdf -jobs -careers,web accessibility audit atlanta
atl,,local_hire,MOFU,75,0,site:.com -pdf -jobs -careers,web accessibility consultant near atlanta
atl,,local_hire,MOFU,75,0,site:.com -pdf -jobs -careers,web design agency atlanta
atl,,local_hire,MOFU,75,0,site:.com -pdf -jobs -careers,web developer 30004
atl,,local_hire,MOFU,75,0,site:.com -pdf -jobs -careers,web developer 30060
atl,,local_hire,MOFU,75,0,site:.com -pdf -jobs -careers,web developer 30062
atl,,local_hire,MOFU,75,0,site:.com -pdf -jobs -careers,web developer 30075
atl,,local_hire,MOFU,75,0,site:.com -pdf -jobs -careers,web developer 30076
atl,,local_hire,MOFU,75,0,site:.com -pdf -jobs -careers,web developer 30097
atl,,local_hire,MOFU,75,0,site:.com -pdf -jobs -careers,web developer 30303
atl,,local_hire,MOFU,75,0,site:.com -pdf -jobs -careers,web developer 30308
atl,,local_hire,MOFU,75,0,site:.com -pdf -jobs -careers,web developer 30309
atl,,local_hire,MOFU,75,0,site:.com -pdf -jobs -careers,web developer 30318
atl,,local_hire,MOFU,75,0,site:.com -pdf -jobs -careers,web developer 30328
atl,core,local_hire,MOFU,75,0,site:.com -pdf -jobs -careers,web developer buckhead
atl,,local_hire,MOFU,75,0,site:.com -pdf -jobs -careers,web developer gwinnett county
atl,core,local_hire,MOFU,75,0,site:.com -pdf -jobs -careers,web developer midtown atlanta
atl,,local_hire,MOFU,75,0,site:.com -pdf -jobs -careers,web developers near me atlanta
atl,,local_hire,MOFU,75,0,site:.com -pdf -jobs -careers,web development alpharetta
atl,,local_hire,MOFU,75,0,site:.com -pdf -jobs -careers,web maintenance sandy springs
atl,,local_hire,MOFU,75,0,site:.com -pdf -jobs -careers,website design marietta
atl,,local_hire,MOFU,75,0,site:.com -pdf -jobs -careers,website development company near me atlanta
atl,core,local_hire,MOFU,75,0,site:.com -pdf -jobs -careers,website maintenance atlanta
atl,,local_hire,MOFU,75,0,site:.com -pdf -jobs -careers,website optimization decatur
atl,,local_hire,MOFU,75,0,site:.com -pdf -jobs -careers,website speed optimization atlanta
atl,,local_hire,MOFU,75,0,site:.com -pdf -jobs -careers,wordpress maintenance atlanta
atl,,accessibility_and_compliance,MOFU,70,0,site:.com -pdf -jobs -careers,ada compliance web design atlanta
atl,east,accessibility_and_compliance,MOFU,70,0,site:.com -pdf -jobs -careers,ada compliance web design decatur
atl,west,accessibility_and_compliance,MOFU,70,0,site:.com -pdf -jobs -careers,ada compliance web design douglasville
atl,south,accessibility_and_compliance,MOFU,70,0,site:.com -pdf -jobs -careers,ada compliance web design peachtree city
atl,north,accessibility_and_compliance,MOFU,70,0,site:.com -pdf -jobs -careers,ada compliance web design roswell
atl,east,accessibility_and_compliance,MOFU,70,0,site:.com -pdf -jobs -careers,ada remediation decatur
atl,west,accessibility_and_compliance,MOFU,70,0,site:.com -pdf -jobs -careers,ada remediation douglasville
atl,,accessibility_and_compliance,MOFU,70,0,site:.com -pdf -jobs -careers,ada remediation georgia
atl,south,accessibility_and_compliance,MOFU,70,0,site:.com -pdf -jobs -careers,ada remediation peachtree city
atl,north,accessibility_and_compliance,MOFU,70,0,site:.com -pdf -jobs -careers,ada remediation roswell
atl,east,accessibility_and_compliance,MOFU,70,0,site:.com -pdf -jobs -careers,ada website compliance decatur
atl,west,accessibility_and_compliance,MOFU,70,0,site:.com -pdf -jobs -careers,ada website compliance douglasville
atl,,accessibility_and_compliance,MOFU,70,0,site:.com -pdf -jobs -careers,ada website compliance georgia
atl,south,accessibility_and_compliance,MOFU,70,0,site:.com -pdf -jobs -careers,ada website compliance peachtree city
atl,north,accessibility_and_compliance,MOFU,70,0,site:.com -pdf -jobs -careers,ada website compliance roswell
atl,,accessibility_and_compliance,MOFU,70,0,site:.com -pdf -jobs -careers,make my website ada compliant atlanta
atl,east,accessibility_and_compliance,MOFU,70,0,site:.com -pdf -jobs -careers,make my website ada compliant decatur
atl,west,accessibility_and_compliance,MOFU,70,0,site:.com -pdf -jobs -careers,make my website ada compliant douglasville
atl,south,accessibility_and_compliance,MOFU,70,0,site:.com -pdf -jobs -careers,make my website ada compliant peachtree city
atl,north,accessibility_and_compliance,MOFU,70,0,site:.com -pdf -jobs -careers,make my website ada compliant roswell
atl,,accessibility_and_compliance,MOFU,70,0,site:.com -pdf -jobs -careers,section 508 compliance audit atlanta
atl,east,accessibility_and_compliance,MOFU,70,0,site:.com -pdf -jobs -careers,section 508 compliance audit decatur
atl,west,accessibility_and_compliance,MOFU,70,0,site:.com -pdf -jobs -careers,section 508 compliance audit douglasville
atl,south,accessibility_and_compliance,MOFU,70,0,site:.com -pdf -jobs -careers,section 508 compliance audit peachtree city
atl,north,accessibility_and_compliance,MOFU,70,0,site:.com -pdf -jobs -careers,section 508 compliance audit roswell
atl,east,accessibility_and_compliance,MOFU,70,0,site:.com -pdf -jobs -careers,wcag audit decatur
atl,west,accessibility_and_compliance,MOFU,70,0,site:.com -pdf -jobs -careers,wcag audit douglasville
atl,,accessibility_and_compliance,MOFU,70,0,site:.com -pdf -jobs -careers,wcag audit georgia
atl,south,accessibility_and_compliance,MOFU,70,0,site:.com -pdf -jobs -careers,wcag audit peachtree city
atl,north,accessibility_and_compliance,MOFU,70,0,site:.com -pdf -jobs -careers,wcag audit roswell
atl,,accessibility_and_compliance,MOFU,70,0,site:.com -pdf -jobs -careers,web accessibility services atlanta
atl,east,accessibility_and_compliance,MOFU,70,0,site:.com -pdf -jobs -careers,web accessibility services decatur
atl,west,accessibility_and_compliance,MOFU,70,0,site:.com -pdf -jobs -careers,web accessibility services douglasville
atl,south,accessibility_and_compliance,MOFU,70,0,site:.com -pdf -jobs -careers,web accessibility services peachtree city
atl,north,accessibility_and_compliance,MOFU,70,0,site:.com -pdf -jobs -careers,web accessibility services roswell
atl,,audit_and_optimization,MOFU,70,0,site:.com -pdf -jobs -careers,ada accessibility audit atlanta
atl,core,audit_and_optimization,MOFU,70,1,,ada accessibility audit atlanta site:.com -pdf
atl,east,audit_and_optimization,MOFU,70,0,site:.com -pdf -jobs -careers,ada accessibility audit decatur
atl,west,audit_and_optimization,MOFU,70,0,site:.com -pdf -jobs -careers,ada accessibility audit douglasville
atl,south,audit_and_optimization,MOFU,70,0,site:.com -pdf -jobs -careers,ada accessibility audit peachtree city
atl,north,audit_and_optimization,MOFU,70,0,site:.com -pdf -jobs -careers,ada accessibility audit roswell
atl,,audit_and_optimization,MOFU,70,0,site:.com -pdf -jobs -careers,conversion rate optimization audit atlanta
atl,core,audit_and_optimization,MOFU,70,1,,conversion rate optimization audit atlanta site:.com -pdf
atl,east,audit_and_optimization,MOFU,70,0,site:.com -pdf -jobs -careers,conversion rate optimization audit decatur
atl,west,audit_and_optimization,MOFU,70,0,site:.com -pdf -jobs -careers,conversion rate optimization audit douglasville
atl,south,audit_and_optimization,MOFU,70,0,site:.com -pdf -jobs -careers,conversion rate optimization audit peachtree city
atl,north,audit_and_optimization,MOFU,70,0,site:.com -pdf -jobs -careers,conversion rate optimization audit roswell
atl,,audit_and_optimization,MOFU,70,0,site:.com -pdf -jobs -careers,core web vitals audit atlanta
atl,core,audit_and_optimization,MOFU,70,1,,core web vitals audit atlanta site:.com -pdf
atl,east,audit_and_optimization,MOFU,70,0,site:.com -pdf -jobs -careers,core web vitals audit decatur
atl,west,audit_and_optimization,MOFU,70,0,site:.com -pdf -jobs -careers,core web vitals audit douglasville
atl,south,audit_and_optimization,MOFU,70,0,site:.com -pdf -jobs -careers,core web vitals audit peachtree city
atl,north,audit_and_optimization,MOFU,70,0,site:.com -pdf -jobs -careers,core web vitals audit roswell
atl,,audit_and_optimization,MOFU,70,0,site:.com -pdf -jobs -careers,free website audit atlanta
atl,core,audit_and_optimization,MOFU,70,1,,free website audit atlanta site:.com -pdf
atl,east,audit_and_optimization,MOFU,70,0,site:.com -pdf -jobs -careers,free website audit decatur
atl,west,audit_and_optimization,MOFU,70,0,site:.com -pdf -jobs -careers,free website audit douglasville
atl,south,audit_and_optimization,MOFU,70,0,site:.com -pdf -jobs -careers,free website audit peachtree city
atl,north,audit_and_optimization,MOFU,70,0,site:.com -pdf -jobs -careers,free website audit roswell
atl,,audit_and_optimization,MOFU,70,0,site:.com -pdf -jobs -careers,lighthouse performance score improvement atlanta
atl,east,audit_and_optimization,MOFU,70,0,site:.com -pdf -jobs -careers,lighthouse performance score improvement decatur
atl,west,audit_and_optimization,MOFU,70,0,site:.com -pdf -jobs -careers,lighthouse performance score improvement douglasville
atl,south,audit_and_optimization,MOFU,70,0,site:.com -pdf -jobs -careers,lighthouse performance score improvement peachtree city
atl,north,audit_and_optimization,MOFU,70,0,site:.com -pdf -jobs -careers,lighthouse performance score improvement roswell
atl,east,audit_and_optimization,MOFU,70,0,site:.com -pdf -jobs -careers,mobile usability audit decatur
atl,west,audit_and_optimization,MOFU,70,0,site:.com -pdf -jobs -careers,mobile usability audit douglasville
atl,,audit_and_optimization,MOFU,70,0,site:.com -pdf -jobs -careers,mobile usability audit georgia
atl,core,audit_and_optimization,MOFU,70,1,,mobile usability audit georgia site:.com -pdf
atl,south,audit_and_optimization,MOFU,70,0,site:.com -pdf -jobs -careers,mobile usability audit peachtree city
atl,north,audit_and_optimization,MOFU,70,0,site:.com -pdf -jobs -careers,mobile usability audit roswell
atl,,audit_and_optimization,MOFU,70,0,site:.com -pdf -jobs -careers,technical seo audit atlanta
atl,core,audit_and_optimization,MOFU,70,1,,technical seo audit atlanta site:.com -pdf
atl,east,audit_and_optimization,MOFU,70,0,site:.com -pdf -jobs -careers,technical seo audit decatur
atl,west,audit_and_optimization,MOFU,70,0,site:.com -pdf -jobs -careers,technical seo audit douglasville
atl,south,audit_and_optimization,MOFU,70,0,site:.com -pdf -jobs -careers,technical seo audit peachtree city
atl,north,audit_and_optimization,MOFU,70,0,site:.com -pdf -jobs -careers,technical seo audit roswell
atl,,audit_and_optimization,MOFU,70,0,site:.com -pdf -jobs -careers,website performance audit atlanta
atl,core,audit_and_optimization,MOFU,70,1,,website performance audit atlanta site:.com -pdf
atl,east,audit_and_optimization,MOFU,70,0,site:.com -pdf -jobs -careers,website performance audit decatur
atl,west,audit_and_optimization,MOFU,70,0,site:.com -pdf -jobs -careers,website performance audit douglasville
atl,south,audit_and_optimization,MOFU,70,0,site:.com -pdf -jobs -careers,website performance audit peachtree city
atl,north,audit_and_optimization,MOFU,70,0,site:.com -pdf -jobs -careers,website performance audit roswell
atl,,modern_and_forward_looking,MOFU,70,0,site:.com -pdf -jobs -careers,core web vitals optimization atlanta
atl,east,modern_and_forward_looking,MOFU,70,0,site:.com -pdf -jobs -careers,core web vitals optimization decatur
atl,west,modern_and_forward_looking,MOFU,70,0,site:.com -pdf -jobs -careers,core web vitals optimization douglasville
atl,south,modern_and_forward_looking,MOFU,70,0,site:.com -pdf -jobs -careers,core web vitals optimization peachtree city
atl,north,modern_and_forward_looking,MOFU,70,0,site:.com -pdf -jobs -careers,core web vitals optimization roswell
atl,,modern_and_forward_looking,MOFU,70,0,site:.com -pdf -jobs -careers,edge rendering website atlanta
atl,east,modern_and_forward_looking,MOFU,70,0,site:.com -pdf -jobs -careers,edge rendering website decatur
atl,west,modern_and_forward_looking,MOFU,70,0,site:.com -pdf -jobs -careers,edge rendering website douglasville
atl,south,modern_and_forward_looking,MOFU,70,0,site:.com -pdf -jobs -careers,edge rendering website peachtree city
atl,north,modern_and_forward_looking,MOFU,70,0,site:.com -pdf -jobs -careers,edge rendering website roswell
atl,,modern_and_forward_looking,MOFU,70,0,site:.com -pdf -jobs -careers,headless cms development atlanta
atl,east,modern_and_forward_looking,MOFU,70,0,site:.com -pdf -jobs -careers,headless cms development decatur
atl,west,modern_and_forward_looking,MOFU,70,0,site:.com -pdf -jobs -careers,headless cms development douglasville
atl,south,modern_and_forward_looking,MOFU,70,0,site:.com -pdf -jobs -careers,headless cms development peachtree city
atl,north,modern_and_forward_looking,MOFU,70,0,site:.com -pdf -jobs -careers,headless cms development roswell
atl,,modern_and_forward_looking,MOFU,70,0,site:.com -pdf -jobs -careers,jamstack development atlanta
atl,east,modern_and_forward_looking,MOFU,70,0,site:.com -pdf -jobs -careers,jamstack development decatur
atl,west,modern_and_forward_looking,MOFU,70,0,site:.com -pdf -jobs -careers,jamstack development douglasville
atl,south,modern_and_forward_looking,MOFU,70,0,site:.com -pdf -jobs -careers,jamstack development peachtree city
atl,north,modern_and_forward_looking,MOFU,70,0,site:.com -pdf -jobs -careers,jamstack development roswell
atl,east,modern_and_forward_looking,MOFU,70,0,site:.com -pdf -jobs -careers,modern web performance optimization decatur
atl,west,modern_and_forward_looking,MOFU,70,0,site:.com -pdf -jobs -careers,modern web performance optimization douglasville
atl,,modern_and_forward_looking,MOFU,70,0,site:.com -pdf -jobs -careers,modern web performance optimization georgia
atl,south,modern_and_forward_looking,MOFU,70,0,site:.com -pdf -jobs -careers,modern web performance optimization peachtree city
atl,north,modern_and_forward_looking,MOFU,70,0,site:.com -pdf -jobs -careers,modern web performance optimization roswell
atl,,modern_and_forward_looking,MOFU,70,0,site:.com -pdf -jobs -careers,next.js developer atlanta
atl,east,modern_and_forward_looking,MOFU,70,0,site:.com -pdf -jobs -careers,next.js developer decatur
atl,west,modern_and_forward_looking,MOFU,70,0,site:.com -pdf -jobs -careers,next.js developer douglasville
atl,south,modern_and_forward_looking,MOFU,70,0,site:.com -pdf -jobs -careers,next.js developer peachtree city
atl,north,modern_and_forward_looking,MOFU,70,0,site:.com -pdf -jobs -careers,next.js developer roswell
atl,,modern_and_forward_looking,MOFU,70,0,site:.com -pdf -jobs -careers,progressive web app developer atlanta
atl,east,modern_and_forward_looking,MOFU,70,0,site:.com -pdf -jobs -careers,progressive web app developer decatur
atl,west,modern_and_forward_looking,MOFU,70,0,site:.com -pdf -jobs -careers,progressive web app developer douglasville
atl,south,modern_and_forward_looking,MOFU,70,0,site:.com -pdf -jobs -careers,progressive web app developer peachtree city
atl,north,modern_and_forward_looking,MOFU,70,0,site:.com -pdf -jobs -careers,progressive web app developer roswell
atl,east,modern_and_forward_looking,MOFU,70,0,site:.com -pdf -jobs -careers,serverless web development decatur
atl,west,modern_and_forward_looking,MOFU,70,0,site:.com -pdf -jobs -careers,serverless web development douglasville
atl,,modern_and_forward_looking,MOFU,70,0,site:.com -pdf -jobs -careers,serverless web development georgia
atl,south,modern_and_forward_looking,MOFU,70,0,site:.com -pdf -jobs -careers,serverless web development peachtree city
atl,north,modern_and_forward_looking,MOFU,70,0,site:.com -pdf -jobs -careers,serverless web development roswell
atl,,pain_and_dissatisfaction,MOFU,70,0,site:.com -pdf -jobs -careers,digital agency atlanta not delivering
atl,east,pain_and_dissatisfaction,MOFU,70,0,site:.com -pdf -jobs -careers,digital agency decatur not delivering
atl,west,pain_and_dissatisfaction,MOFU,70,0,site:.com -pdf -jobs -careers,digital agency douglasville not delivering
atl,south,pain_and_dissatisfaction,MOFU,70,0,site:.com -pdf -jobs -careers,digital agency peachtree city not delivering
atl,north,pain_and_dissatisfaction,MOFU,70,0,site:.com -pdf -jobs -careers,digital agency roswell not delivering
atl,,pain_and_dissatisfaction,MOFU,70,0,site:.com -pdf -jobs -careers,need a new web developer atlanta
atl,east,pain_and_dissatisfaction,MOFU,70,0,site:.com -pdf -jobs -careers,need a new web developer decatur
atl,west,pain_and_dissatisfaction,MOFU,70,0,site:.com -pdf -jobs -careers,need a new web developer douglasville
atl,south,pain_and_dissatisfaction,MOFU,70,0,site:.com -pdf -jobs -careers,need a new web developer peachtree city
atl,north,pain_and_dissatisfaction,MOFU,70,0,site:.com -pdf -jobs -careers,need a new web developer roswell
atl,east,pain_and_dissatisfaction,MOFU,70,0,site:.com -pdf -jobs -careers,poor website maintenance service decatur
atl,west,pain_and_dissatisfaction,MOFU,70,0,site:.com -pdf -jobs -careers,poor website maintenance service douglasville
atl,,pain_and_dissatisfaction,MOFU,70,0,site:.com -pdf -jobs -careers,poor website maintenance service georgia
atl,south,pain_and_dissatisfaction,MOFU,70,0,site:.com -pdf -jobs -careers,poor website maintenance service peachtree city
atl,north,pain_and_dissatisfaction,MOFU,70,0,site:.com -pdf -jobs -careers,poor website maintenance service roswell
atl,,pain_and_dissatisfaction,MOFU,70,0,site:.com -pdf -jobs -careers,seo retainer not worth it atlanta
atl,east,pain_and_dissatisfaction,MOFU,70,0,site:.com -pdf -jobs -careers,seo retainer not worth it decatur
atl,west,pain_and_dissatisfaction,MOFU,70,0,site:.com -pdf -jobs -careers,seo retainer not worth it douglasville
atl,south,pain_and_dissatisfaction,MOFU,70,0,site:.com -pdf -jobs -careers,seo retainer not worth it peachtree city
atl,north,pain_and_dissatisfaction,MOFU,70,0,site:.com -pdf -jobs -careers,seo retainer not worth it roswell
atl,,pain_and_dissatisfaction,MOFU,70,0,site:.com -pdf -jobs -careers,switch seo agency atlanta
atl,east,pain_and_dissatisfaction,MOFU,70,0,site:.com -pdf -jobs -careers,switch seo agency decatur
atl,west,pain_and_dissatisfaction,MOFU,70,0,site:.com -pdf -jobs -careers,switch seo agency douglasville
atl,south,pain_and_dissatisfaction,MOFU,70,0,site:.com -pdf -jobs -careers,switch seo agency peachtree city
atl,north,pain_and_dissatisfaction,MOFU,70,0,site:.com -pdf -jobs -careers,switch seo agency roswell
atl,,pain_and_dissatisfaction,MOFU,70,0,site:.com -pdf -jobs -careers,switch web development agency atlanta
atl,east,pain_and_dissatisfaction,MOFU,70,0,site:.com -pdf -jobs -careers,switch web development agency decatur
atl,west,pain_and_dissatisfaction,MOFU,70,0,site:.com -pdf -jobs -careers,switch web development agency douglasville
atl,south,pain_and_dissatisfaction,MOFU,70,0,site:.com -pdf -jobs -careers,switch web development agency peachtree city
atl,north,pain_and_dissatisfaction,MOFU,70,0,site:.com -pdf -jobs -careers,switch web development agency roswell
atl,,pain_and_dissatisfaction,MOFU,70,0,site:.com -pdf -jobs -careers,unhappy with web developer atlanta
atl,east,pain_and_dissatisfaction,MOFU,70,0,site:.com -pdf -jobs -careers,unhappy with web developer decatur
atl,west,pain_and_dissatisfaction,MOFU,70,0,site:.com -pdf -jobs -careers,unhappy with web developer douglasville
atl,south,pain_and_dissatisfaction,MOFU,70,0,site:.com -pdf -jobs -careers,unhappy with web developer peachtree city
atl,north,pain_and_dissatisfaction,MOFU,70,0,site:.com -pdf -jobs -careers,unhappy with web developer roswell
atl,,pain_and_dissatisfaction,MOFU,70,0,site:.com -pdf -jobs -careers,web development agency not delivering results atlanta
atl,east,pain_and_dissatisfaction,MOFU,70,0,site:.com -pdf -jobs -careers,web development agency not delivering results decatur
atl,west,pain_and_dissatisfaction,MOFU,70,0,site:.com -pdf -jobs -careers,web development agency not delivering results douglasville
atl,south,pain_and_dissatisfaction,MOFU,70,0,site:.com -pdf -jobs -careers,web development agency not delivering results peachtree city
atl,north,pain_and_dissatisfaction,MOFU,70,0,site:.com -pdf -jobs -careers,web development agency not delivering results roswell
atl,east,pain_and_dissatisfaction,MOFU,70,0,site:.com -pdf -jobs -careers,web maintenance contract issues decatur
atl,west,pain_and_dissatisfaction,MOFU,70,0,site:.com -pdf -jobs -careers,web maintenance contract issues douglasville
atl,,pain_and_dissatisfaction,MOFU,70,0,site:.com -pdf -jobs -careers,web maintenance contract issues georgia
atl,south,pain_and_dissatisfaction,MOFU,70,0,site:.com -pdf -jobs -careers,web maintenance contract issues peachtree city
atl,north,pain_and_dissatisfaction,MOFU,70,0,site:.com -pdf -jobs -careers,web maintenance contract issues roswell
atl,,pain_and_dissatisfaction,MOFU,70,0,site:.com -pdf -jobs -careers,website developer not meeting expectations atlanta
atl,east,pain_and_dissatisfaction,MOFU,70,0,site:.com -pdf -jobs -careers,website developer not meeting expectations decatur
atl,west,pain_and_dissatisfaction,MOFU,70,0,site:.com -pdf -jobs -careers,website developer not meeting expectations douglasville
atl,south,pain_and_dissatisfaction,MOFU,70,0,site:.com -pdf -jobs -careers,website developer not meeting expectations peachtree city
atl,north,pain_and_dissatisfaction,MOFU,70,0,site:.com -pdf -jobs -careers,website developer not meeting expectations roswell
atl,,retainer_and_maintenance,MOFU,70,0,site:.com -pdf -jobs -careers,monthly website support atlanta
atl,east,retainer_and_maintenance,MOFU,70,0,site:.com -pdf -jobs -careers,monthly website support decatur
atl,west,retainer_and_maintenance,MOFU,70,0,site:.com -pdf -jobs -careers,monthly website support douglasville
atl,south,retainer_and_maintenance,MOFU,70,0,site:.com -pdf -jobs -careers,monthly website support peachtree city
atl,north,retainer_and_maintenance,MOFU,70,0,site:.com -pdf -jobs -careers,monthly website support roswell
atl,,retainer_and_maintenance,MOFU,70,0,site:.com -pdf -jobs -careers,ongoing website support atlanta
atl,east,retainer_and_maintenance,MOFU,70,0,site:.com -pdf -jobs -careers,ongoing website support decatur
atl,west,retainer_and_maintenance,MOFU,70,0,site:.com -pdf -jobs -careers,ongoing website support douglasville
atl,south,retainer_and_maintenance,MOFU,70,0,site:.com -pdf -jobs -careers,ongoing website support peachtree city
atl,north,retainer_and_maintenance,MOFU,70,0,site:.com -pdf -jobs -careers,ongoing website support roswell
atl,,retainer_and_maintenance,MOFU,70,0,site:.com -pdf -jobs -careers,seo retainer services atlanta
atl,east,retainer_and_maintenance,MOFU,70,0,site:.com -pdf -jobs -careers,seo retainer services decatur
atl,west,retainer_and_maintenance,MOFU,70,0,site:.com -pdf -jobs -careers,seo retainer services douglasville
atl,south,retainer_and_maintenance,MOFU,70,0,site:.com -pdf -jobs -careers,seo retainer services peachtree city
atl,north,retainer_and_maintenance,MOFU,70,0,site:.com -pdf -jobs -careers,seo retainer services roswell
atl,east,retainer_and_maintenance,MOFU,70,0,site:.com -pdf -jobs -careers,web development retainer decatur
atl,west,retainer_and_maintenance,MOFU,70,0,site:.com -pdf -jobs -careers,web development retainer douglasville
atl,,retainer_and_maintenance,MOFU,70,0,site:.com -pdf -jobs -careers,web development retainer georgia
atl,south,retainer_and_maintenance,MOFU,70,0,site:.com -pdf -jobs -careers,web development retainer peachtree city
atl,north,retainer_and_maintenance,MOFU,70,0,site:.com -pdf -jobs -careers,web development retainer roswell
atl,,retainer_and_maintenance,MOFU,70,0,site:.com -pdf -jobs -careers,website maintenance contract atlanta
atl,east,retainer_and_maintenance,MOFU,70,0,site:.com -pdf -jobs -careers,website maintenance contract decatur
atl,west,retainer_and_maintenance,MOFU,70,0,site:.com -pdf -jobs -careers,website maintenance contract douglasville
atl,south,retainer_and_maintenance,MOFU,70,0,site:.com -pdf -jobs -careers,website maintenance contract peachtree city
atl,north,retainer_and_maintenance,MOFU,70,0,site:.com -pdf -jobs -careers,website maintenance contract roswell
atl,,retainer_and_maintenance,MOFU,70,0,site:.com -pdf -jobs -careers,website maintenance cost per month atlanta
atl,east,retainer_and_maintenance,MOFU,70,0,site:.com -pdf -jobs -careers,website maintenance cost per month decatur
atl,west,retainer_and_maintenance,MOFU,70,0,site:.com -pdf -jobs -careers,website maintenance cost per month douglasville
atl,south,retainer_and_maintenance,MOFU,70,0,site:.com -pdf -jobs -careers,website maintenance cost per month peachtree city
atl,north,retainer_and_maintenance,MOFU,70,0,site:.com -pdf -jobs -careers,website maintenance cost per month roswell
atl,east,retainer_and_maintenance,MOFU,70,0,site:.com -pdf -jobs -careers,website maintenance packages decatur
atl,west,retainer_and_maintenance,MOFU,70,0,site:.com -pdf -jobs -careers,website maintenance packages douglasville
atl,,retainer_and_maintenance,MOFU,70,0,site:.com -pdf -jobs -careers,website maintenance packages georgia
atl,south,retainer_and_maintenance,MOFU,70,0,site:.com -pdf -jobs -careers,website maintenance packages peachtree city
atl,north,retainer_and_maintenance,MOFU,70,0,site:.com -pdf -jobs -careers,website maintenance packages roswell
atl,,retainer_and_maintenance,MOFU,70,0,site:.com -pdf -jobs -careers,wordpress maintenance retainer atlanta
atl,east,retainer_and_maintenance,MOFU,70,0,site:.com -pdf -jobs -careers,wordpress maintenance retainer decatur
atl,west,retainer_and_maintenance,MOFU,70,0,site:.com -pdf -jobs -careers,wordpress maintenance retainer douglasville
atl,south,retainer_and_maintenance,MOFU,70,0,site:.com -pdf -jobs -careers,wordpress maintenance retainer peachtree city
atl,north,retainer_and_maintenance,MOFU,70,0,site:.com -pdf -jobs -careers,wordpress maintenance retainer roswell
se,us,accessibility_and_compliance,MOFU,70,0,site:.com -pdf -jobs -careers,ada compliance web design southeast us
se,us,accessibility_and_compliance,MOFU,70,0,site:.com -pdf -jobs -careers,ada remediation southeast us
se,us,accessibility_and_compliance,MOFU,70,0,site:.com -pdf -jobs -careers,ada website compliance southeast us
se,us,accessibility_and_compliance,MOFU,70,0,site:.com -pdf -jobs -careers,make my website ada compliant southeast us
se,us,accessibility_and_compliance,MOFU,70,0,site:.com -pdf -jobs -careers,section 508 compliance audit southeast us
se,us,accessibility_and_compliance,MOFU,70,0,site:.com -pdf -jobs -careers,wcag audit southeast us
se,us,accessibility_and_compliance,MOFU,70,0,site:.com -pdf -jobs -careers,web accessibility services southeast us
se,us,audit_and_optimization,MOFU,70,0,site:.com -pdf -jobs -careers,ada accessibility audit southeast us
se,us,audit_and_optimization,MOFU,70,0,site:.com -pdf -jobs -careers,conversion rate optimization audit southeast us
se,us,audit_and_optimization,MOFU,70,0,site:.com -pdf -jobs -careers,core web vitals audit southeast us
se,us,audit_and_optimization,MOFU,70,0,site:.com -pdf -jobs -careers,free website audit southeast us
se,us,audit_and_optimization,MOFU,70,0,site:.com -pdf -jobs -careers,lighthouse performance score improvement southeast us
se,us,audit_and_optimization,MOFU,70,0,site:.com -pdf -jobs -careers,mobile usability audit southeast us
se,us,audit_and_optimization,MOFU,70,0,site:.com -pdf -jobs -careers,technical seo audit southeast us
se,us,audit_and_optimization,MOFU,70,0,site:.com -pdf -jobs -careers,website performance audit southeast us
se,us,modern_and_forward_looking,MOFU,70,0,site:.com -pdf -jobs -careers,core web vitals optimization southeast us
se,us,modern_and_forward_looking,MOFU,70,0,site:.com -pdf -jobs -careers,edge rendering website southeast us
se,us,modern_and_forward_looking,MOFU,70,0,site:.com -pdf -jobs -careers,headless cms development southeast us
se,us,modern_and_forward_looking,MOFU,70,0,site:.com -pdf -jobs -careers,jamstack development southeast us
se,us,modern_and_forward_looking,MOFU,70,0,site:.com -pdf -jobs -careers,modern web performance optimization southeast us
se,us,modern_and_forward_looking,MOFU,70,0,site:.com -pdf -jobs -careers,next.js developer southeast us
se,us,modern_and_forward_looking,MOFU,70,0,site:.com -pdf -jobs -careers,progressive web app developer southeast us
se,us,modern_and_forward_looking,MOFU,70,0,site:.com -pdf -jobs -careers,serverless web development southeast us
se,us,pain_and_dissatisfaction,MOFU,70,0,site:.com -pdf -jobs -careers,digital agency southeast us not delivering
se,us,pain_and_dissatisfaction,MOFU,70,0,site:.com -pdf -jobs -careers,need a new web developer southeast us
se,us,pain_and_dissatisfaction,MOFU,70,0,site:.com -pdf -jobs -careers,poor website maintenance service southeast us
se,us,pain_and_dissatisfaction,MOFU,70,0,site:.com -pdf -jobs -careers,seo retainer not worth it southeast us
se,us,pain_and_dissatisfaction,MOFU,70,0,site:.com -pdf -jobs -careers,switch seo agency southeast us
se,us,pain_and_dissatisfaction,MOFU,70,0,site:.com -pdf -jobs -careers,switch web development agency southeast us
se,us,pain_and_dissatisfaction,MOFU,70,0,site:.com -pdf -jobs -careers,unhappy with web developer southeast us
se,us,pain_and_dissatisfaction,MOFU,70,0,site:.com -pdf -jobs -careers,web development agency not delivering results southeast us
se,us,pain_and_dissatisfaction,MOFU,70,0,site:.com -pdf -jobs -careers,web maintenance contract issues southeast us
se,us,pain_and_dissatisfaction,MOFU,70,0,site:.com -pdf -jobs -careers,website developer not meeting expectations southeast us
se,us,retainer_and_maintenance,MOFU,70,0,site:.com -pdf -jobs -careers,monthly website support southeast us
se,us,retainer_and_maintenance,MOFU,70,0,site:.com -pdf -jobs -careers,ongoing website support southeast us
se,us,retainer_and_maintenance,MOFU,70,0,site:.com -pdf -jobs -careers,seo retainer services southeast us
se,us,retainer_and_maintenance,MOFU,70,0,site:.com -pdf -jobs -careers,web development retainer southeast us
se,us,retainer_and_maintenance,MOFU,70,0,site:.com -pdf -jobs -careers,website maintenance contract southeast us
se,us,retainer_and_maintenance,MOFU,70,0,site:.com -pdf -jobs -careers,website maintenance cost per month southeast us
se,us,retainer_and_maintenance,MOFU,70,0,site:.com -pdf -jobs -careers,website maintenance packages southeast us
se,us,retainer_and_maintenance,MOFU,70,0,site:.com -pdf -jobs -careers,wordpress maintenance retainer southeast us
us,nationwide,accessibility_and_compliance,MOFU,70,0,site:.com -pdf -jobs -careers,ada compliance web design united states
us,nationwide,accessibility_and_compliance,MOFU,70,0,site:.com -pdf -jobs -careers,ada remediation united states
us,nationwide,accessibility_and_compliance,MOFU,70,0,site:.com -pdf -jobs -careers,ada website compliance united states
us,nationwide,accessibility_and_compliance,MOFU,70,0,site:.com -pdf -jobs -careers,make my website ada compliant united states
us,nationwide,accessibility_and_compliance,MOFU,70,0,site:.com -pdf -jobs -careers,section 508 compliance audit united states
us,nationwide,accessibility_and_compliance,MOFU,70,0,site:.com -pdf -jobs -careers,wcag audit united states
us,nationwide,accessibility_and_compliance,MOFU,70,0,site:.com -pdf -jobs -careers,web accessibility services united states
us,nationwide,audit_and_optimization,MOFU,70,0,site:.com -pdf -jobs -careers,ada accessibility audit united states
us,nationwide,audit_and_optimization,MOFU,70,0,site:.com -pdf -jobs -careers,conversion rate optimization audit united states
us,nationwide,audit_and_optimization,MOFU,70,0,site:.com -pdf -jobs -careers,core web vitals audit united states
us,nationwide,audit_and_optimization,MOFU,70,0,site:.com -pdf -jobs -careers,free website audit united states
us,nationwide,audit_and_optimization,MOFU,70,0,site:.com -pdf -jobs -careers,lighthouse performance score improvement united states
us,nationwide,audit_and_optimization,MOFU,70,0,site:.com -pdf -jobs -careers,mobile usability audit united states
us,nationwide,audit_and_optimization,MOFU,70,0,site:.com -pdf -jobs -careers,technical seo audit united states
us,nationwide,audit_and_optimization,MOFU,70,0,site:.com -pdf -jobs -careers,website performance audit united states
us,nationwide,modern_and_forward_looking,MOFU,70,0,site:.com -pdf -jobs -careers,core web vitals optimization united states
us,nationwide,modern_and_forward_looking,MOFU,70,0,site:.com -pdf -jobs -careers,edge rendering website united states
us,nationwide,modern_and_forward_looking,MOFU,70,0,site:.com -pdf -jobs -careers,headless cms development united states
us,nationwide,modern_and_forward_looking,MOFU,70,0,site:.com -pdf -jobs -careers,jamstack development united states
us,nationwide,modern_and_forward_looking,MOFU,70,0,site:.com -pdf -jobs -careers,modern web performance optimization united states
us,nationwide,modern_and_forward_looking,MOFU,70,0,site:.com -pdf -jobs -careers,next.js developer united states
us,nationwide,modern_and_forward_looking,MOFU,70,0,site:.com -pdf -jobs -careers,progressive web app developer united states
us,nationwide,modern_and_forward_looking,MOFU,70,0,site:.com -pdf -jobs -careers,serverless web development united states
us,nationwide,pain_and_dissatisfaction,MOFU,70,0,site:.com -pdf -jobs -careers,digital agency united states not delivering
us,nationwide,pain_and_dissatisfaction,MOFU,70,0,site:.com -pdf -jobs -careers,need a new web developer united states
us,nationwide,pain_and_dissatisfaction,MOFU,70,0,site:.com -pdf -jobs -careers,poor website maintenance service united states
us,nationwide,pain_and_dissatisfaction,MOFU,70,0,site:.com -pdf -jobs -careers,seo retainer not worth it united states
us,nationwide,pain_and_dissatisfaction,MOFU,70,0,site:.com -pdf -jobs -careers,switch seo agency united states
us,nationwide,pain_and_dissatisfaction,MOFU,70,0,site:.com -pdf -jobs -careers,switch web development agency united states
us,nationwide,pain_and_dissatisfaction,MOFU,70,0,site:.com -pdf -jobs -careers,unhappy with web developer united states
us,nationwide,pain_and_dissatisfaction,MOFU,70,0,site:.com -pdf -jobs -careers,web development agency not delivering results united states
us,nationwide,pain_and_dissatisfaction,MOFU,70,0,site:.com -pdf -jobs -careers,web maintenance contract issues united states
us,nationwide,pain_and_dissatisfaction,MOFU,70,0,site:.com -pdf -jobs -careers,website developer not meeting expectations united states
us,nationwide,retainer_and_maintenance,MOFU,70,0,site:.com -pdf -jobs -careers,monthly website support united states
us,nationwide,retainer_and_maintenance,MOFU,70,0,site:.com -pdf -jobs -careers,ongoing website support united states
us,nationwide,retainer_and_maintenance,MOFU,70,0,site:.com -pdf -jobs -careers,seo retainer services united states
us,nationwide,retainer_and_maintenance,MOFU,70,0,site:.com -pdf -jobs -careers,web development retainer united states
us,nationwide,retainer_and_maintenance,MOFU,70,0,site:.com -pdf -jobs -careers,website maintenance contract united states
us,nationwide,retainer_and_maintenance,MOFU,70,0,site:.com -pdf -jobs -careers,website maintenance cost per month united states
us,nationwide,retainer_and_maintenance,MOFU,70,0,site:.com -pdf -jobs -careers,website maintenance packages united states
us,nationwide,retainer_and_maintenance,MOFU,70,0,site:.com -pdf -jobs -careers,wordpress maintenance retainer united states
atl,,informational_top_funnel,TOFU,50,0,site:.com -pdf,full stack web developer atlanta
atl,east,informational_top_funnel,TOFU,50,0,site:.com -pdf,full stack web developer decatur
atl,west,informational_top_funnel,TOFU,50,0,site:.com -pdf,full stack web developer douglasville
atl,south,informational_top_funnel,TOFU,50,0,site:.com -pdf,full stack web developer peachtree city
atl,north,informational_top_funnel,TOFU,50,0,site:.com -pdf,full stack web developer roswell
atl,,informational_top_funnel,TOFU,50,0,site:.com -pdf,learn web development atlanta
atl,east,informational_top_funnel,TOFU,50,0,site:.com -pdf,learn web development decatur
atl,west,informational_top_funnel,TOFU,50,0,site:.com -pdf,learn web development douglasville
atl,south,informational_top_funnel,TOFU,50,0,site:.com -pdf,learn web development peachtree city
atl,north,informational_top_funnel,TOFU,50,0,site:.com -pdf,learn web development roswell
atl,,informational_top_funnel,TOFU,50,0,site:.com -pdf,web developer atlanta
atl,east,informational_top_funnel,TOFU,50,0,site:.com -pdf,web developer decatur
atl,west,informational_top_funnel,TOFU,50,0,site:.com -pdf,web developer douglasville
atl,south,informational_top_funnel,TOFU,50,0,site:.com -pdf,web developer peachtree city
atl,north,informational_top_funnel,TOFU,50,0,site:.com -pdf,web developer roswell
atl,,informational_top_funnel,TOFU,50,0,site:.com -pdf,web development atlanta
atl,east,informational_top_funnel,TOFU,50,0,site:.com -pdf,web development decatur
atl,west,informational_top_funnel,TOFU,50,0,site:.com -pdf,web development douglasville
atl,south,informational_top_funnel,TOFU,50,0,site:.com -pdf,web development peachtree city
atl,east,informational_top_funnel,TOFU,50,0,site:.com -pdf,web development pricing decatur
atl,west,informational_top_funnel,TOFU,50,0,site:.com -pdf,web development pricing douglasville
atl,,informational_top_funnel,TOFU,50,0,site:.com -pdf,web development pricing georgia
atl,south,informational_top_funnel,TOFU,50,0,site:.com -pdf,web development pricing peachtree city
atl,north,informational_top_funnel,TOFU,50,0,site:.com -pdf,web development pricing roswell
atl,north,informational_top_funnel,TOFU,50,0,site:.com -pdf,web development roswell
atl,,informational_top_funnel,TOFU,50,0,site:.com -pdf,website development atlanta
atl,,informational_top_funnel,TOFU,50,0,site:.com -pdf,website development costs atlanta
atl,east,informational_top_funnel,TOFU,50,0,site:.com -pdf,website development costs decatur
atl,west,informational_top_funnel,TOFU,50,0,site:.com -pdf,website development costs douglasville
atl,south,informational_top_funnel,TOFU,50,0,site:.com -pdf,website development costs peachtree city
atl,north,informational_top_funnel,TOFU,50,0,site:.com -pdf,website development costs roswell
atl,east,informational_top_funnel,TOFU,50,0,site:.com -pdf,website development decatur
atl,west,informational_top_funnel,TOFU,50,0,site:.com -pdf,website development douglasville
atl,south,informational_top_funnel,TOFU,50,0,site:.com -pdf,website development peachtree city
atl,north,informational_top_funnel,TOFU,50,0,site:.com -pdf,website development roswell
se,us,informational_top_funnel,TOFU,50,0,site:.com -pdf,full stack web developer southeast us
se,us,informational_top_funnel,TOFU,50,0,site:.com -pdf,learn web development southeast us
se,us,informational_top_funnel,TOFU,50,0,site:.com -pdf,web developer southeast us
se,us,informational_top_funnel,TOFU,50,0,site:.com -pdf,web development pricing southeast us
se,us,informational_top_funnel,TOFU,50,0,site:.com -pdf,web development southeast us
se,us,informational_top_funnel,TOFU,50,0,site:.com -pdf,website development costs southeast us
se,us,informational_top_funnel,TOFU,50,0,site:.com -pdf,website development southeast us
us,nationwide,informational_top_funnel,TOFU,50,0,site:.com -pdf,full stack web developer united states
us,nationwide,informational_top_funnel,TOFU,50,0,site:.com -pdf,learn web development united states
us,nationwide,informational_top_funnel,TOFU,50,0,site:.com -pdf,web developer united states
us,nationwide,informational_top_funnel,TOFU,50,0,site:.com -pdf,web development pricing united states
us,nationwide,informational_top_funnel,TOFU,50,0,site:.com -pdf,web development united states
us,nationwide,informational_top_funnel,TOFU,50,0,site:.com -pdf,website development costs united states
us,nationwide,informational_top_funnel,TOFU,50,0,site:.com -pdf,website development united states
